personId,firstName,lastName,gamesPlayed,numMinutes,points,assists,blocks,steals,fieldGoalsAttempted,fieldGoalsMade,threePointersAttempted,threePointersMade,freeThrowsAttempted,freeThrowsMade,reboundsDefensive,reboundsOffensive,reboundsTotal,foulsPersonal,turnovers,plusMinusPoints,fieldGoalsPercentage,threePointersPercentage,freeThrowsPercentage
2544,LeBron,James,40,1192.35,791.0,254.0,21.0,39.0,588.0,295.0,167.0,51.0,201.0,150.0,185.0,24.0,209.0,49.0,111.0,-23.0,0.502,0.305,0.746
42824,Chris,Goulding,1,0.0,0.0,0.0,0.0,0.0,0.0,0.0,0.0,0.0,0.0,0.0,0.0,0.0,0.0,0.0,0.0,0.0,0.0,0.0,0.0
101108,Chris,Paul,24,280.95,72.0,69.0,2.0,13.0,73.0,26.0,42.0,16.0,5.0,4.0,31.0,6.0,37.0,29.0,20.0,-38.0,0.356,0.381,0.8
200768,Kyle,Lowry,56,61.56,12.0,8.0,1.0,2.0,10.0,3.0,10.0,3.0,4.0,3.0,4.0,0.0,4.0,3.0,2.0,16.0,0.3,0.3,0.75
201142,Kevin,Durant,54,1876.98,1326.0,225.0,45.0,43.0,917.0,465.0,293.0,117.0,317.0,279.0,247.0,26.0,273.0,102.0,165.0,263.0,0.507,0.399,0.88
201143,Al,Horford,39,762.04,279.0,87.0,41.0,28.0,246.0,104.0,157.0,53.0,20.0,18.0,142.0,35.0,177.0,47.0,37.0,-3.0,0.423,0.338,0.9
201144,Mike,Conley,48,835.85,200.0,133.0,11.0,27.0,176.0,57.0,133.0,43.0,48.0,43.0,66.0,15.0,81.0,68.0,29.0,22.0,0.324,0.323,0.896
201145,Jeff,Green,57,149.19,69.0,6.0,2.0,5.0,58.0,22.0,40.0,14.0,11.0,11.0,24.0,4.0,28.0,10.0,4.0,-9.0,0.379,0.35,1.0
201566,Russell,Westbrook,52,1511.69,796.0,342.0,8.0,68.0,683.0,294.0,310.0,107.0,145.0,101.0,224.0,72.0,296.0,128.0,177.0,-368.0,0.43,0.345,0.697
201567,Kevin,Love,50,546.9,225.0,53.0,8.0,10.0,172.0,71.0,121.0,46.0,43.0,37.0,133.0,50.0,183.0,56.0,28.0,-117.0,0.413,0.38,0.86
201569,Eric,Gordon,54,85.43,35.0,4.0,1.0,4.0,25.0,12.0,16.0,8.0,5.0,3.0,1.0,1.0,2.0,3.0,3.0,-43.0,0.48,0.5,0.6
201572,Brook,Lopez,57,914.54,360.0,50.0,55.0,26.0,313.0,127.0,213.0,77.0,35.0,29.0,115.0,16.0,131.0,87.0,40.0,47.0,0.406,0.362,0.829
201587,Nicolas,Batum,55,1021.46,232.0,45.0,20.0,38.0,194.0,76.0,183.0,71.0,11.0,9.0,120.0,20.0,140.0,80.0,35.0,2.0,0.392,0.388,0.818
201599,DeAndre,Jordan,55,22.78,9.0,0.0,0.0,0.0,5.0,4.0,0.0,0.0,2.0,1.0,6.0,4.0,10.0,1.0,1.0,-26.0,0.8,0.0,0.5
201935,James,Harden,50,1707.19,1194.0,407.0,20.0,61.0,823.0,345.0,418.0,144.0,402.0,360.0,208.0,30.0,238.0,96.0,182.0,41.0,0.419,0.344,0.896
201939,Stephen,Curry,43,1300.31,1134.0,204.0,17.0,44.0,789.0,369.0,477.0,188.0,223.0,208.0,135.0,18.0,153.0,81.0,119.0,82.0,0.468,0.394,0.933
201942,DeMar,DeRozan,59,1876.8700000000001,1072.0,217.0,15.0,65.0,767.0,378.0,128.0,43.0,316.0,273.0,159.0,28.0,187.0,118.0,66.0,-488.0,0.493,0.336,0.864
201950,Jrue,Holiday,49,853.56,477.0,198.0,3.0,36.0,386.0,177.0,190.0,72.0,64.0,51.0,97.0,46.0,143.0,52.0,77.0,89.0,0.459,0.379,0.797
202066,Garrett,Temple,61,32.65,4.0,4.0,1.0,3.0,7.0,1.0,5.0,1.0,2.0,1.0,4.0,0.0,4.0,3.0,3.0,-23.0,0.143,0.2,0.5
202331,Paul,George,35,819.91,431.0,100.0,13.0,40.0,354.0,150.0,173.0,66.0,76.0,65.0,125.0,14.0,139.0,60.0,44.0,97.0,0.424,0.382,0.855
202681,Kyrie,Irving,1,0.0,0.0,0.0,0.0,0.0,0.0,0.0,0.0,0.0,0.0,0.0,0.0,0.0,0.0,0.0,0.0,0.0,0.0,0.0,0.0
202685,Jonas,Valanciunas,48,700.9,426.0,63.0,32.0,10.0,298.0,171.0,22.0,6.0,106.0,78.0,173.0,75.0,248.0,115.0,65.0,-72.0,0.574,0.273,0.736
202687,Bismack,Biyombo,60,120.86,16.0,4.0,3.0,4.0,12.0,6.0,0.0,0.0,6.0,4.0,16.0,8.0,24.0,19.0,7.0,-42.0,0.5,0.0,0.667
202691,Klay,Thompson,54,1140.35,603.0,69.0,15.0,25.0,551.0,212.0,394.0,147.0,44.0,32.0,110.0,15.0,125.0,54.0,50.0,-94.0,0.385,0.373,0.727
202695,Kawhi,Leonard,44,1399.27,1193.0,156.0,22.0,88.0,841.0,413.0,305.0,116.0,275.0,251.0,224.0,44.0,268.0,54.0,90.0,151.0,0.491,0.38,0.913
202696,Nikola,Vucevic,55,1638.57,878.0,198.0,35.0,35.0,725.0,360.0,243.0,89.0,86.0,69.0,378.0,117.0,495.0,112.0,87.0,-136.0,0.497,0.366,0.802
202699,Tobias,Harris,41,1089.91,538.0,93.0,12.0,33.0,419.0,193.0,155.0,55.0,113.0,97.0,154.0,40.0,194.0,71.0,42.0,175.0,0.461,0.355,0.858
202710,Jimmy,Butler III,43,1203.65,781.0,190.0,8.0,57.0,472.0,246.0,86.0,32.0,299.0,257.0,129.0,88.0,217.0,47.0,63.0,193.0,0.521,0.372,0.86
203076,Anthony,Davis,25,716.86,469.0,62.0,38.0,24.0,380.0,193.0,49.0,13.0,95.0,70.0,183.0,64.0,247.0,47.0,47.0,-46.0,0.508,0.265,0.737
203078,Bradley,Beal,9,134.53,61.0,10.0,1.0,4.0,57.0,24.0,22.0,7.0,8.0,6.0,4.0,3.0,7.0,14.0,12.0,-18.0,0.421,0.318,0.75
203081,Damian,Lillard,29,0.0,0.0,0.0,0.0,0.0,0.0,0.0,0.0,0.0,0.0,0.0,0.0,0.0,0.0,0.0,0.0,0.0,0.0,0.0,0.0
203083,Andre,Drummond,58,828.83,300.0,37.0,37.0,25.0,232.0,119.0,57.0,22.0,64.0,40.0,225.0,141.0,366.0,82.0,42.0,-84.0,0.513,0.386,0.625
203084,Harrison,Barnes,60,1613.08,606.0,127.0,13.0,40.0,473.0,204.0,294.0,106.0,110.0,92.0,125.0,50.0,175.0,70.0,52.0,235.0,0.431,0.361,0.836
203110,Draymond,Green,51,1292.69,419.0,251.0,29.0,44.0,360.0,152.0,222.0,73.0,61.0,42.0,239.0,35.0,274.0,149.0,141.0,11.0,0.422,0.329,0.689
203114,Khris,Middleton,44,909.2,386.0,123.0,9.0,26.0,327.0,139.0,109.0,36.0,84.0,72.0,121.0,32.0,153.0,95.0,62.0,-154.0,0.425,0.33,0.857
203200,Justin,Holiday,3,58.31,15.0,6.0,1.0,6.0,19.0,4.0,12.0,2.0,6.0,5.0,8.0,1.0,9.0,3.0,3.0,-46.0,0.211,0.167,0.833
203458,Alex,Len,4,17.7,7.0,1.0,0.0,0.0,3.0,2.0,0.0,0.0,4.0,3.0,2.0,1.0,3.0,4.0,2.0,-4.0,0.667,0.0,0.75
203468,CJ,McCollum,54,1575.17,993.0,186.0,19.0,40.0,805.0,367.0,362.0,141.0,152.0,118.0,146.0,37.0,183.0,102.0,93.0,-153.0,0.456,0.39,0.776
203471,Dennis,Schroder,51,1225.57,580.0,233.0,7.0,38.0,493.0,198.0,192.0,60.0,150.0,124.0,123.0,22.0,145.0,82.0,88.0,-253.0,0.402,0.312,0.827
203482,Kelly,Olynyk,48,278.31,105.0,36.0,1.0,13.0,79.0,38.0,38.0,9.0,30.0,20.0,37.0,19.0,56.0,36.0,18.0,0.0,0.481,0.237,0.667
203484,Kentavious,Caldwell-Pope,58,1166.4,481.0,150.0,8.0,46.0,401.0,170.0,191.0,65.0,83.0,76.0,114.0,25.0,139.0,66.0,66.0,-110.0,0.424,0.34,0.916
203486,Mason,Plumlee,34,156.3,33.0,17.0,0.0,6.0,19.0,11.0,0.0,0.0,19.0,11.0,37.0,16.0,53.0,11.0,11.0,-18.0,0.579,0.0,0.579
203497,Rudy,Gobert,60,1756.91,625.0,96.0,91.0,44.0,365.0,254.0,2.0,0.0,233.0,117.0,417.0,211.0,628.0,156.0,83.0,259.0,0.696,0.0,0.502
203500,Steven,Adams,41,764.88,197.0,51.0,21.0,23.0,147.0,75.0,0.0,0.0,81.0,47.0,136.0,154.0,290.0,59.0,38.0,216.0,0.51,0.0,0.58
203501,Tim,Hardaway Jr.,59,1565.66,797.0,78.0,9.0,29.0,572.0,254.0,403.0,161.0,152.0,128.0,140.0,11.0,151.0,73.0,28.0,130.0,0.444,0.4,0.842
203506,Victor,Oladipo,3,83.05,58.0,9.0,2.0,8.0,45.0,21.0,16.0,4.0,13.0,12.0,5.0,1.0,6.0,6.0,11.0,-70.0,0.467,0.25,0.923
203507,Giannis,Antetokounmpo,33,916.33,868.0,175.0,23.0,29.0,505.0,325.0,38.0,15.0,310.0,203.0,230.0,88.0,318.0,84.0,103.0,120.0,0.644,0.395,0.655
203552,Seth,Curry,10,31.65,14.0,3.0,0.0,2.0,9.0,6.0,4.0,2.0,0.0,0.0,3.0,1.0,4.0,3.0,0.0,6.0,0.667,0.5,0.0
203648,Thanasis,Antetokounmpo,57,70.0,30.0,3.0,4.0,7.0,19.0,12.0,1.0,0.0,11.0,6.0,9.0,7.0,16.0,10.0,4.0,32.0,0.632,0.0,0.545
203897,Zach,LaVine,44,1311.35,811.0,104.0,10.0,32.0,587.0,284.0,279.0,111.0,149.0,132.0,112.0,9.0,121.0,88.0,80.0,-306.0,0.484,0.398,0.886
203903,Jordan,Clarkson,61,1070.66,531.0,75.0,9.0,24.0,465.0,198.0,216.0,70.0,84.0,65.0,54.0,46.0,100.0,99.0,62.0,-2.0,0.426,0.324,0.774
203914,Gary,Harris,50,565.82,99.0,44.0,6.0,21.0,82.0,35.0,52.0,21.0,9.0,8.0,43.0,13.0,56.0,45.0,20.0,-76.0,0.427,0.404,0.889
203915,Spencer,Dinwiddie,4,29.64,6.0,6.0,0.0,0.0,6.0,2.0,4.0,0.0,4.0,2.0,2.0,1.0,3.0,2.0,3.0,-20.0,0.333,0.0,0.5
203924,Jerami,Grant,60,1249.9,822.0,98.0,29.0,31.0,578.0,249.0,274.0,99.0,270.0,225.0,118.0,44.0,162.0,112.0,88.0,30.0,0.431,0.361,0.833
203926,Doug,McDermott,60,111.83,44.0,4.0,1.0,3.0,40.0,15.0,39.0,14.0,0.0,0.0,8.0,1.0,9.0,8.0,6.0,-36.0,0.375,0.359,0.0
203932,Aaron,Gordon,31,695.78,455.0,62.0,4.0,18.0,299.0,155.0,114.0,47.0,124.0,98.0,121.0,35.0,156.0,39.0,29.0,217.0,0.518,0.412,0.79
203935,Marcus,Smart,52,1284.09,447.0,130.0,16.0,59.0,362.0,146.0,218.0,71.0,101.0,84.0,103.0,31.0,134.0,116.0,73.0,82.0,0.403,0.326,0.832
203937,Kyle,Anderson,53,498.98,171.0,74.0,16.0,28.0,131.0,70.0,7.0,3.0,43.0,28.0,59.0,23.0,82.0,59.0,23.0,-81.0,0.534,0.429,0.651
203939,Dwight,Powell,57,590.55,136.0,44.0,14.0,25.0,70.0,47.0,2.0,0.0,65.0,42.0,99.0,61.0,160.0,79.0,22.0,104.0,0.671,0.0,0.646
203944,Julius,Randle,59,1939.25,1304.0,308.0,14.0,65.0,930.0,458.0,278.0,91.0,361.0,297.0,311.0,97.0,408.0,167.0,152.0,215.0,0.492,0.327,0.823
203952,Andrew,Wiggins,59,1649.47,839.0,146.0,48.0,62.0,690.0,322.0,263.0,103.0,122.0,92.0,167.0,90.0,257.0,119.0,89.0,-15.0,0.467,0.392,0.754
203954,Joel,Embiid,33,985.31,839.0,129.0,34.0,23.0,573.0,283.0,126.0,41.0,270.0,232.0,174.0,65.0,239.0,69.0,96.0,140.0,0.494,0.325,0.859
203957,Dante,Exum,1,0.0,0.0,0.0,0.0,0.0,0.0,0.0,0.0,0.0,0.0,0.0,0.0,0.0,0.0,0.0,0.0,0.0,0.0,0.0,0.0
203967,Dario,Saric,54,95.1,34.0,3.0,1.0,0.0,23.0,10.0,16.0,8.0,6.0,6.0,13.0,1.0,14.0,6.0,3.0,10.0,0.435,0.5,1.0
203991,Clint,Capela,57,602.0,195.0,29.0,39.0,24.0,160.0,86.0,0.0,0.0,42.0,23.0,122.0,109.0,231.0,48.0,20.0,40.0,0.538,0.0,0.548
203992,Bogdan,Bogdanovic,33,384.65000000000003,134.0,48.0,1.0,8.0,125.0,47.0,76.0,24.0,19.0,16.0,42.0,5.0,47.0,42.0,22.0,-25.0,0.376,0.316,0.842
203994,Jusuf,Nurkic,54,1155.34,496.0,208.0,23.0,54.0,385.0,197.0,80.0,31.0,128.0,71.0,344.0,112.0,456.0,148.0,108.0,-196.0,0.512,0.388,0.555
203999,Nikola,Jokic,43,1415.13,1180.0,438.0,31.0,57.0,695.0,415.0,183.0,76.0,325.0,274.0,383.0,125.0,508.0,112.0,152.0,373.0,0.597,0.415,0.843
204001,Kristaps,Porzingis,38,475.9,332.0,51.0,24.0,10.0,237.0,110.0,96.0,34.0,96.0,78.0,81.0,26.0,107.0,63.0,22.0,44.0,0.464,0.354,0.812
204025,Tim,Frazier,3,64.68,24.0,13.0,0.0,1.0,25.0,7.0,12.0,4.0,6.0,6.0,5.0,1.0,6.0,6.0,8.0,-78.0,0.28,0.333,1.0
204060,Joe,Ingles,57,88.8,13.0,19.0,0.0,7.0,10.0,4.0,8.0,3.0,2.0,2.0,7.0,0.0,7.0,6.0,8.0,-11.0,0.4,0.375,1.0
204456,T.J.,McConnell,43,680.14,390.0,195.0,8.0,46.0,333.0,181.0,38.0,12.0,18.0,16.0,71.0,19.0,90.0,50.0,49.0,-61.0,0.544,0.316,0.889
1626145,Tyus,Jones,56,861.9,166.0,138.0,3.0,38.0,184.0,63.0,119.0,34.0,6.0,6.0,49.0,10.0,59.0,33.0,21.0,-106.0,0.342,0.286,1.0
1626153,Delon,Wright,1,3.55,2.0,0.0,0.0,0.0,1.0,0.0,0.0,0.0,2.0,2.0,0.0,0.0,0.0,1.0,1.0,-9.0,0.0,0.0,1.0
1626156,D'Angelo,Russell,45,543.16,282.0,116.0,2.0,15.0,245.0,98.0,119.0,34.0,72.0,52.0,61.0,9.0,70.0,33.0,54.0,-43.0,0.4,0.286,0.722
1626157,Karl-Anthony,Towns,58,1676.96,1053.0,153.0,32.0,49.0,745.0,344.0,238.0,82.0,330.0,283.0,472.0,165.0,637.0,187.0,136.0,313.0,0.462,0.345,0.858
1626162,Kelly,Oubre Jr.,36,1130.33,482.0,60.0,25.0,45.0,377.0,171.0,171.0,62.0,106.0,78.0,136.0,32.0,168.0,90.0,47.0,-50.0,0.454,0.363,0.736
1626163,Frank,Kaminsky,3,80.03999999999999,39.0,6.0,4.0,1.0,30.0,14.0,17.0,6.0,6.0,5.0,14.0,3.0,17.0,3.0,6.0,-83.0,0.467,0.353,0.833
1626164,Devin,Booker,47,1528.13,1143.0,287.0,13.0,45.0,822.0,372.0,254.0,81.0,369.0,318.0,141.0,37.0,178.0,121.0,151.0,191.0,0.453,0.319,0.862
1626166,Cameron,Payne,3,51.239999999999995,20.0,7.0,1.0,1.0,21.0,6.0,13.0,4.0,4.0,4.0,2.0,1.0,3.0,5.0,5.0,-47.0,0.286,0.308,1.0
1626167,Myles,Turner,54,1472.79,667.0,82.0,88.0,35.0,495.0,221.0,288.0,113.0,150.0,112.0,230.0,63.0,293.0,141.0,61.0,-47.0,0.446,0.392,0.747
1626171,Bobby,Portis,55,1292.11,698.0,86.0,11.0,34.0,585.0,279.0,229.0,101.0,53.0,39.0,282.0,68.0,350.0,91.0,59.0,-199.0,0.477,0.441,0.736
1626172,Kevon,Looney,54,273.7,59.0,28.0,10.0,7.0,57.0,26.0,11.0,1.0,12.0,6.0,58.0,43.0,101.0,35.0,9.0,-59.0,0.456,0.091,0.5
1626179,Terry,Rozier,6,10.38,4.0,0.0,0.0,1.0,4.0,2.0,1.0,0.0,0.0,0.0,2.0,0.0,2.0,0.0,0.0,-7.0,0.5,0.0,0.0
1626181,Norman,Powell,60,1478.39,1115.0,128.0,11.0,59.0,786.0,371.0,353.0,140.0,276.0,233.0,156.0,18.0,174.0,109.0,102.0,83.0,0.472,0.397,0.844
1626192,Pat,Connaughton,46,180.19,72.0,14.0,1.0,7.0,59.0,25.0,36.0,14.0,13.0,8.0,28.0,8.0,36.0,6.0,6.0,-5.0,0.424,0.389,0.615
1626204,Larry,Nance Jr.,39,387.47,116.0,34.0,5.0,21.0,117.0,43.0,63.0,18.0,15.0,12.0,53.0,30.0,83.0,52.0,14.0,-36.0,0.368,0.286,0.8
1626220,Royce,O'Neale,59,1654.26,589.0,171.0,17.0,67.0,487.0,205.0,394.0,158.0,30.0,21.0,236.0,40.0,276.0,131.0,88.0,-13.0,0.421,0.401,0.7
1627734,Domantas,Sabonis,26,622.37,343.0,87.0,7.0,21.0,256.0,137.0,37.0,5.0,88.0,64.0,170.0,68.0,238.0,75.0,61.0,-210.0,0.535,0.135,0.727
1627739,Kris,Dunn,58,1524.84,446.0,194.0,9.0,83.0,348.0,166.0,161.0,59.0,70.0,55.0,120.0,44.0,164.0,137.0,76.0,11.0,0.477,0.366,0.786
1627741,Buddy,Hield,59,865.15,403.0,75.0,9.0,43.0,343.0,149.0,222.0,76.0,37.0,29.0,99.0,27.0,126.0,67.0,51.0,-103.0,0.434,0.342,0.784
1627742,Brandon,Ingram,58,1900.78,1229.0,206.0,44.0,44.0,966.0,456.0,280.0,105.0,252.0,212.0,275.0,50.0,325.0,111.0,138.0,55.0,0.472,0.375,0.841
1627746,Skal,Labissiere,7,36.93,13.0,3.0,1.0,2.0,10.0,6.0,5.0,1.0,0.0,0.0,6.0,3.0,9.0,3.0,1.0,2.0,0.6,0.2,0.0
1627747,Caris,LeVert,42,727.77,284.0,104.0,24.0,33.0,246.0,103.0,121.0,40.0,56.0,38.0,56.0,12.0,68.0,59.0,49.0,31.0,0.419,0.331,0.679
1627749,Dejounte,Murray,3,0.0,0.0,0.0,0.0,0.0,0.0,0.0,0.0,0.0,0.0,0.0,0.0,0.0,0.0,0.0,0.0,0.0,0.0,0.0,0.0
1627750,Jamal,Murray,56,1854.4,1352.0,392.0,21.0,49.0,980.0,475.0,393.0,165.0,265.0,237.0,206.0,21.0,227.0,85.0,122.0,254.0,0.485,0.42,0.894
1627751,Jakob,Poeltl,28,589.93,231.0,48.0,16.0,18.0,156.0,101.0,0.0,0.0,49.0,29.0,118.0,67.0,185.0,74.0,36.0,-19.0,0.647,0.0,0.592
1627752,Taurean,Prince,12,221.99,72.0,9.0,2.0,8.0,51.0,24.0,41.0,19.0,5.0,5.0,19.0,0.0,19.0,29.0,10.0,17.0,0.471,0.463,1.0
1627759,Jaylen,Brown,57,1714.02,1471.0,235.0,21.0,53.0,1128.0,544.0,303.0,106.0,358.0,277.0,285.0,59.0,344.0,139.0,182.0,186.0,0.482,0.35,0.774
1627763,Malcolm,Brogdon,4,51.67,17.0,8.0,1.0,5.0,17.0,5.0,8.0,2.0,5.0,5.0,8.0,1.0,9.0,5.0,3.0,-11.0,0.294,0.25,1.0
1627777,Georges,Niang,11,0.0,0.0,0.0,0.0,0.0,0.0,0.0,0.0,0.0,0.0,0.0,0.0,0.0,0.0,0.0,0.0,0.0,0.0,0.0,0.0
1627780,Gary,Payton II,59,711.71,304.0,80.0,17.0,34.0,246.0,135.0,75.0,24.0,18.0,10.0,104.0,61.0,165.0,88.0,44.0,-118.0,0.549,0.32,0.556
1627783,Pascal,Siakam,59,1767.87,1251.0,211.0,23.0,61.0,971.0,470.0,264.0,100.0,309.0,211.0,269.0,82.0,351.0,128.0,114.0,-141.0,0.484,0.379,0.683
1627824,Guerschon,Yabusele,57,549.6,179.0,30.0,9.0,13.0,175.0,67.0,111.0,35.0,15.0,10.0,84.0,36.0,120.0,53.0,21.0,-88.0,0.383,0.315,0.667
1627826,Ivica,Zubac,47,1398.34,651.0,106.0,36.0,21.0,452.0,278.0,0.0,0.0,140.0,95.0,344.0,155.0,499.0,108.0,89.0,-1.0,0.615,0.0,0.679
1627827,Dorian,Finney-Smith,25,312.83,58.0,15.0,4.0,7.0,67.0,20.0,53.0,13.0,5.0,5.0,30.0,17.0,47.0,33.0,11.0,11.0,0.299,0.245,1.0
1627832,Fred,VanVleet,3,0.0,0.0,0.0,0.0,0.0,0.0,0.0,0.0,0.0,0.0,0.0,0.0,0.0,0.0,0.0,0.0,0.0,0.0,0.0,0.0
1627884,Derrick,Jones Jr.,26,598.9300000000001,253.0,30.0,24.0,25.0,171.0,94.0,79.0,31.0,46.0,34.0,43.0,18.0,61.0,46.0,19.0,14.0,0.55,0.392,0.739
1627936,Alex,Caruso,45,716.1,257.0,78.0,14.0,51.0,213.0,94.0,130.0,42.0,34.0,27.0,81.0,19.0,100.0,47.0,32.0,280.0,0.441,0.323,0.794
1628366,Lonzo,Ball,51,767.31,172.0,149.0,12.0,45.0,188.0,57.0,155.0,43.0,25.0,15.0,120.0,27.0,147.0,53.0,56.0,33.0,0.303,0.277,0.6
1628368,De'Aaron,Fox,46,1464.46,890.0,291.0,13.0,58.0,687.0,331.0,261.0,92.0,172.0,136.0,149.0,26.0,175.0,103.0,114.0,154.0,0.482,0.352,0.791
1628369,Jayson,Tatum,4,0.0,0.0,0.0,0.0,0.0,0.0,0.0,0.0,0.0,0.0,0.0,0.0,0.0,0.0,0.0,0.0,0.0,0.0,0.0,0.0
1628370,Malik,Monk,50,976.5699999999999,549.0,114.0,17.0,29.0,447.0,194.0,213.0,90.0,81.0,71.0,78.0,12.0,90.0,72.0,62.0,-115.0,0.434,0.423,0.877
1628371,Jonathan,Isaac,55,482.37,147.0,19.0,29.0,17.0,110.0,48.0,43.0,7.0,65.0,44.0,89.0,38.0,127.0,37.0,18.0,2.0,0.436,0.163,0.677
1628372,Dennis,Smith Jr.,3,14.489999999999998,0.0,4.0,0.0,1.0,1.0,0.0,1.0,0.0,2.0,0.0,3.0,0.0,3.0,1.0,0.0,14.0,0.0,0.0,0.0
1628374,Lauri,Markkanen,46,1440.86,1119.0,95.0,22.0,41.0,801.0,384.0,321.0,115.0,265.0,236.0,211.0,82.0,293.0,83.0,64.0,-37.0,0.479,0.358,0.891
1628378,Donovan,Mitchell,56,1778.44,1524.0,311.0,16.0,87.0,1092.0,533.0,504.0,191.0,314.0,267.0,196.0,42.0,238.0,133.0,169.0,304.0,0.488,0.379,0.85
1628379,Luke,Kennard,58,1080.22,424.0,114.0,5.0,36.0,278.0,152.0,169.0,83.0,40.0,37.0,95.0,23.0,118.0,65.0,37.0,10.0,0.547,0.491,0.925
1628380,Zach,Collins,18,267.46,155.0,25.0,5.0,7.0,96.0,62.0,27.0,12.0,27.0,19.0,54.0,23.0,77.0,31.0,18.0,16.0,0.646,0.444,0.704
1628381,John,Collins,57,1482.58,754.0,49.0,42.0,42.0,515.0,292.0,172.0,75.0,120.0,95.0,201.0,74.0,275.0,142.0,74.0,51.0,0.567,0.436,0.792
1628384,OG,Anunoby,47,1424.82,728.0,103.0,29.0,73.0,531.0,256.0,251.0,95.0,152.0,121.0,177.0,65.0,242.0,108.0,87.0,250.0,0.482,0.378,0.796
1628386,Jarrett,Allen,48,1235.84,652.0,89.0,43.0,46.0,420.0,256.0,11.0,1.0,188.0,139.0,267.0,105.0,372.0,83.0,60.0,173.0,0.61,0.091,0.739
1628389,Bam,Adebayo,55,1593.93,942.0,144.0,36.0,52.0,751.0,329.0,243.0,81.0,262.0,203.0,402.0,106.0,508.0,85.0,99.0,189.0,0.438,0.333,0.775
1628392,Isaiah,Hartenstein,35,821.11,345.0,113.0,23.0,32.0,233.0,145.0,10.0,1.0,83.0,54.0,203.0,101.0,304.0,87.0,67.0,222.0,0.622,0.1,0.651
1628396,Tony,Bradley,51,437.49,160.0,21.0,8.0,7.0,110.0,61.0,2.0,1.0,51.0,37.0,61.0,58.0,119.0,64.0,19.0,-98.0,0.555,0.5,0.725
1628398,Kyle,Kuzma,54,1385.21,671.0,133.0,21.0,31.0,536.0,253.0,162.0,52.0,155.0,113.0,219.0,50.0,269.0,107.0,83.0,-169.0,0.472,0.321,0.729
1628401,Derrick,White,57,1854.68,961.0,311.0,82.0,63.0,844.0,331.0,492.0,159.0,157.0,140.0,191.0,56.0,247.0,88.0,98.0,432.0,0.392,0.323,0.892
1628404,Josh,Hart,48,1342.36,536.0,229.0,15.0,53.0,402.0,201.0,171.0,69.0,87.0,65.0,274.0,64.0,338.0,115.0,88.0,179.0,0.5,0.404,0.747
1628415,Dillon,Brooks,53,1586.77,1079.0,95.0,9.0,56.0,896.0,395.0,356.0,122.0,195.0,167.0,145.0,40.0,185.0,179.0,93.0,1.0,0.441,0.343,0.856
1628418,Thomas,Bryant,59,439.32,228.0,29.0,16.0,11.0,160.0,82.0,87.0,31.0,39.0,33.0,88.0,34.0,122.0,49.0,21.0,4.0,0.512,0.356,0.846
1628420,Monte,Morris,7,63.57,18.0,9.0,1.0,1.0,20.0,7.0,8.0,2.0,4.0,2.0,6.0,1.0,7.0,3.0,2.0,-29.0,0.35,0.25,0.5
1628436,Luke,Kornet,50,1109.79,400.0,96.0,58.0,23.0,235.0,159.0,0.0,0.0,102.0,82.0,177.0,156.0,333.0,94.0,26.0,163.0,0.677,0.0,0.804
1628449,Chris,Boucher,53,164.66,62.0,5.0,10.0,9.0,55.0,22.0,33.0,8.0,15.0,10.0,34.0,8.0,42.0,21.0,5.0,64.0,0.4,0.242,0.667
1628467,Maxi,Kleber,53,337.75,69.0,20.0,6.0,11.0,54.0,23.0,22.0,6.0,24.0,17.0,33.0,25.0,58.0,49.0,14.0,39.0,0.426,0.273,0.708
1628495,Milton,Doyle,1,38.17,25.0,4.0,0.0,1.0,21.0,9.0,12.0,3.0,4.0,4.0,3.0,0.0,3.0,3.0,7.0,-1.0,0.429,0.25,1.0
1628502,Nigel,Hayes-Davis,55,272.78,51.0,11.0,2.0,10.0,73.0,22.0,27.0,5.0,4.0,2.0,29.0,19.0,48.0,23.0,9.0,-72.0,0.301,0.185,0.5
1628960,Grayson,Allen,39,1124.94,629.0,147.0,14.0,51.0,497.0,209.0,332.0,124.0,103.0,87.0,87.0,27.0,114.0,87.0,63.0,76.0,0.421,0.373,0.845
1628963,Marvin,Bagley III,49,841.78,454.0,67.0,33.0,24.0,295.0,181.0,22.0,9.0,125.0,83.0,142.0,121.0,263.0,89.0,49.0,-114.0,0.614,0.409,0.664
1628964,Mo,Bamba,8,13.83,8.0,2.0,2.0,0.0,5.0,1.0,1.0,1.0,6.0,5.0,2.0,3.0,5.0,4.0,0.0,-5.0,0.2,1.0,0.833
1628969,Mikal,Bridges,61,2009.02,938.0,235.0,49.0,86.0,748.0,375.0,331.0,126.0,76.0,62.0,179.0,70.0,249.0,120.0,66.0,231.0,0.501,0.381,0.816
1628970,Miles,Bridges,59,1810.32,1047.0,196.0,27.0,29.0,828.0,375.0,371.0,128.0,202.0,169.0,305.0,58.0,363.0,101.0,82.0,-18.0,0.453,0.345,0.837
1628971,Bruce,Brown,60,1456.26,437.0,124.0,18.0,62.0,368.0,168.0,94.0,34.0,87.0,67.0,163.0,68.0,231.0,146.0,62.0,-97.0,0.457,0.362,0.77
1628973,Jalen,Brunson,56,1852.53,1438.0,328.0,6.0,39.0,1108.0,515.0,420.0,154.0,304.0,254.0,154.0,28.0,182.0,128.0,123.0,299.0,0.465,0.367,0.836
1628975,Jevon,Carter,57,331.78,189.0,28.0,2.0,17.0,156.0,65.0,116.0,48.0,11.0,11.0,27.0,7.0,34.0,22.0,11.0,-33.0,0.417,0.414,1.0
1628976,Wendell,Carter Jr.,56,1570.52,648.0,115.0,40.0,41.0,458.0,230.0,179.0,61.0,160.0,127.0,281.0,123.0,404.0,190.0,67.0,28.0,0.502,0.341,0.794
1628978,Donte,DiVincenzo,60,1797.32,739.0,244.0,29.0,81.0,607.0,251.0,461.0,176.0,81.0,61.0,203.0,59.0,262.0,148.0,90.0,332.0,0.414,0.382,0.753
1628983,Shai,Gilgeous-Alexander,52,1678.93,1609.0,330.0,40.0,69.0,988.0,554.0,230.0,92.0,460.0,409.0,198.0,27.0,225.0,104.0,109.0,557.0,0.561,0.4,0.889
1628988,Aaron,Holiday,56,544.23,242.0,47.0,4.0,18.0,200.0,79.0,131.0,48.0,41.0,36.0,34.0,7.0,41.0,50.0,26.0,43.0,0.395,0.366,0.878
1628989,Kevin,Huerter,52,1115.05,507.0,125.0,27.0,38.0,440.0,195.0,244.0,74.0,58.0,43.0,155.0,26.0,181.0,95.0,56.0,-7.0,0.443,0.303,0.741
1628991,Jaren,Jackson Jr.,53,1493.8,964.0,97.0,70.0,53.0,752.0,353.0,249.0,88.0,212.0,170.0,235.0,42.0,277.0,186.0,112.0,-78.0,0.469,0.353,0.802
1628993,Alize,Johnson,6,50.879999999999995,19.0,2.0,0.0,0.0,11.0,7.0,1.0,0.0,9.0,5.0,15.0,1.0,16.0,3.0,4.0,24.0,0.636,0.0,0.556
1628994,George,King,3,53.730000000000004,14.0,2.0,0.0,2.0,16.0,6.0,6.0,2.0,1.0,0.0,4.0,1.0,5.0,6.0,6.0,-58.0,0.375,0.333,0.0
1628997,Caleb,Martin,53,635.39,158.0,72.0,11.0,31.0,137.0,61.0,38.0,14.0,35.0,22.0,90.0,23.0,113.0,66.0,31.0,-76.0,0.445,0.368,0.629
1628998,Cody,Martin,4,54.31,7.0,2.0,2.0,4.0,10.0,2.0,5.0,0.0,6.0,3.0,13.0,1.0,14.0,5.0,4.0,-28.0,0.2,0.0,0.5
1629001,De'Anthony,Melton,31,603.94,327.0,66.0,11.0,44.0,276.0,117.0,132.0,39.0,66.0,54.0,63.0,15.0,78.0,62.0,48.0,219.0,0.424,0.295,0.818
1629004,Svi,Mykhailiuk,60,1143.5,437.0,93.0,3.0,26.0,344.0,163.0,221.0,88.0,25.0,23.0,87.0,33.0,120.0,63.0,47.0,-106.0,0.474,0.398,0.92
1629006,Josh,Okogie,57,1090.38,324.0,52.0,17.0,52.0,246.0,111.0,131.0,51.0,77.0,51.0,89.0,70.0,159.0,92.0,38.0,14.0,0.451,0.389,0.662
1629008,Michael,Porter Jr.,48,1438.88,1100.0,139.0,10.0,46.0,811.0,389.0,416.0,163.0,189.0,159.0,259.0,58.0,317.0,99.0,112.0,-85.0,0.48,0.392,0.841
1629011,Mitchell,Robinson,45,820.61,213.0,41.0,49.0,34.0,136.0,91.0,0.0,0.0,77.0,31.0,196.0,195.0,391.0,98.0,28.0,145.0,0.669,0.0,0.403
1629012,Collin,Sexton,51,1118.2,721.0,186.0,7.0,43.0,497.0,241.0,178.0,72.0,188.0,167.0,77.0,25.0,102.0,95.0,115.0,-23.0,0.485,0.404,0.888
1629013,Landry,Shamet,36,710.51,309.0,49.0,7.0,16.0,226.0,100.0,167.0,70.0,52.0,39.0,44.0,15.0,59.0,44.0,14.0,99.0,0.442,0.419,0.75
1629014,Anfernee,Simons,58,1398.54,814.0,140.0,8.0,30.0,662.0,292.0,392.0,152.0,86.0,78.0,108.0,32.0,140.0,101.0,75.0,127.0,0.441,0.388,0.907
1629018,Gary,Trent Jr.,54,1171.01,434.0,75.0,3.0,30.0,378.0,146.0,274.0,100.0,54.0,42.0,48.0,8.0,56.0,70.0,27.0,-270.0,0.386,0.365,0.778
1629020,Jarred,Vanderbilt,60,951.52,253.0,70.0,19.0,48.0,215.0,98.0,92.0,26.0,50.0,31.0,176.0,71.0,247.0,88.0,52.0,-1.0,0.456,0.283,0.62
1629021,Moritz,Wagner,14,153.42,120.0,7.0,1.0,7.0,80.0,41.0,33.0,15.0,26.0,23.0,33.0,9.0,42.0,23.0,8.0,-47.0,0.512,0.455,0.885
1629023,P.J.,Washington,46,1272.17,596.0,86.0,55.0,43.0,496.0,223.0,170.0,50.0,144.0,100.0,233.0,55.0,288.0,95.0,82.0,-151.0,0.45,0.294,0.694
1629026,Kenrich,Williams,38,574.36,251.0,56.0,4.0,22.0,190.0,97.0,88.0,35.0,35.0,22.0,89.0,37.0,126.0,38.0,30.0,77.0,0.511,0.398,0.629
1629027,Trae,Young,22,372.81,225.0,115.0,1.0,12.0,167.0,65.0,78.0,22.0,85.0,73.0,24.0,1.0,25.0,24.0,37.0,-53.0,0.389,0.282,0.859
1629028,Deandre,Ayton,54,1406.93,653.0,50.0,53.0,34.0,447.0,296.0,0.0,0.0,94.0,61.0,305.0,129.0,434.0,116.0,72.0,-39.0,0.662,0.0,0.649
1629029,Luka,Doncic,47,1537.36,1435.0,373.0,20.0,62.0,954.0,452.0,451.0,159.0,477.0,372.0,306.0,35.0,341.0,108.0,187.0,45.0,0.474,0.353,0.78
1629048,Goga,Bitadze,54,723.96,271.0,51.0,55.0,32.0,169.0,114.0,15.0,3.0,54.0,40.0,137.0,102.0,239.0,96.0,28.0,23.0,0.675,0.2,0.741
1629056,Terence,Davis,4,4.44,0.0,1.0,0.0,0.0,2.0,0.0,1.0,0.0,0.0,0.0,0.0,0.0,0.0,0.0,0.0,6.0,0.0,0.0,0.0
1629057,Robert,Williams III,58,613.13,245.0,43.0,55.0,23.0,145.0,109.0,16.0,7.0,28.0,20.0,169.0,77.0,246.0,46.0,29.0,-18.0,0.752,0.438,0.714
1629060,Rui,Hachimura,52,1434.45,602.0,45.0,13.0,29.0,463.0,235.0,199.0,89.0,60.0,43.0,142.0,26.0,168.0,74.0,41.0,15.0,0.508,0.447,0.717
1629111,Jock,Landale,56,1215.44,603.0,84.0,28.0,27.0,444.0,236.0,155.0,64.0,100.0,67.0,175.0,160.0,335.0,118.0,55.0,-105.0,0.532,0.413,0.67
1629126,Deonte,Burton,3,54.8,15.0,0.0,0.0,6.0,14.0,6.0,2.0,1.0,2.0,2.0,6.0,2.0,8.0,6.0,4.0,-50.0,0.429,0.5,1.0
1629130,Duncan,Robinson,55,1510.65,655.0,103.0,16.0,38.0,505.0,222.0,394.0,156.0,74.0,55.0,132.0,18.0,150.0,117.0,40.0,336.0,0.44,0.396,0.743
1629162,Jordan,McLaughlin,47,160.69,57.0,22.0,0.0,14.0,49.0,21.0,26.0,11.0,5.0,4.0,15.0,4.0,19.0,10.0,10.0,-49.0,0.429,0.423,0.8
1629216,Gabe,Vincent,42,661.21,205.0,53.0,1.0,20.0,174.0,64.0,134.0,53.0,25.0,24.0,22.0,10.0,32.0,61.0,18.0,9.0,0.368,0.396,0.96
1629234,Drew,Eubanks,54,480.36,190.0,14.0,24.0,15.0,131.0,77.0,8.0,1.0,57.0,35.0,70.0,28.0,98.0,48.0,33.0,-142.0,0.588,0.125,0.614
1629312,Haywood,Highsmith,4,0.0,0.0,0.0,0.0,0.0,0.0,0.0,0.0,0.0,0.0,0.0,0.0,0.0,0.0,0.0,0.0,0.0,0.0,0.0,0.0
1629599,Amir,Coffey,56,337.67,100.0,16.0,5.0,4.0,77.0,36.0,38.0,12.0,19.0,16.0,29.0,8.0,37.0,22.0,7.0,-82.0,0.468,0.316,0.842
1629607,Jared,Harper,1,22.3,9.0,4.0,0.0,0.0,5.0,3.0,3.0,1.0,4.0,2.0,1.0,0.0,1.0,0.0,1.0,-21.0,0.6,0.333,0.5
1629611,Terance,Mann,55,1231.86,379.0,160.0,13.0,37.0,303.0,140.0,123.0,45.0,68.0,54.0,102.0,57.0,159.0,123.0,57.0,-118.0,0.462,0.366,0.794
1629614,Andrew,Nembhard,50,1423.27,778.0,336.0,7.0,42.0,620.0,273.0,239.0,86.0,178.0,146.0,112.0,21.0,133.0,99.0,111.0,-275.0,0.44,0.36,0.82
1629618,Jalen,Pickett,60,748.19,244.0,108.0,5.0,15.0,223.0,94.0,121.0,46.0,11.0,10.0,93.0,19.0,112.0,44.0,32.0,-30.0,0.422,0.38,0.909
1629622,Max,Strus,3,0.0,0.0,0.0,0.0,0.0,0.0,0.0,0.0,0.0,0.0,0.0,0.0,0.0,0.0,0.0,0.0,0.0,0.0,0.0,0.0
1629627,Zion,Williamson,45,1254.07,918.0,158.0,26.0,49.0,583.0,343.0,4.0,0.0,328.0,232.0,170.0,93.0,263.0,102.0,101.0,-129.0,0.588,0.0,0.707
1629628,RJ,Barrett,37,1036.5,664.0,127.0,11.0,30.0,496.0,238.0,184.0,66.0,173.0,122.0,146.0,35.0,181.0,82.0,58.0,61.0,0.48,0.359,0.705
1629630,Ja,Morant,24,563.9,389.0,161.0,6.0,20.0,322.0,132.0,85.0,20.0,117.0,105.0,57.0,8.0,65.0,40.0,71.0,-50.0,0.41,0.235,0.897
1629631,De'Andre,Hunter,52,1223.33,666.0,95.0,8.0,33.0,528.0,224.0,256.0,82.0,156.0,136.0,163.0,32.0,195.0,117.0,82.0,2.0,0.424,0.32,0.872
1629632,Coby,White,35,838.0600000000001,540.0,136.0,2.0,20.0,393.0,172.0,208.0,72.0,154.0,124.0,101.0,7.0,108.0,71.0,88.0,-2.0,0.438,0.346,0.805
1629634,Brandon,Clarke,11,19.86,8.0,1.0,0.0,2.0,9.0,3.0,0.0,0.0,4.0,2.0,2.0,4.0,6.0,5.0,0.0,-12.0,0.333,0.0,0.5
1629636,Darius,Garland,29,787.19,467.0,180.0,3.0,21.0,377.0,170.0,164.0,59.0,79.0,68.0,51.0,12.0,63.0,48.0,73.0,-40.0,0.451,0.36,0.861
1629637,Jaxson,Hayes,54,865.47,348.0,51.0,31.0,23.0,193.0,144.0,3.0,2.0,94.0,58.0,127.0,77.0,204.0,100.0,26.0,-39.0,0.746,0.667,0.617
1629638,Nickeil,Alexander-Walker,59,1824.2,1114.0,205.0,34.0,64.0,873.0,379.0,453.0,168.0,212.0,188.0,166.0,32.0,198.0,120.0,115.0,-49.0,0.434,0.371,0.887
1629639,Tyler,Herro,30,346.78,241.0,30.0,5.0,11.0,181.0,90.0,67.0,24.0,41.0,37.0,46.0,6.0,52.0,22.0,17.0,-37.0,0.497,0.358,0.902
1629640,Keldon,Johnson,60,1390.93,804.0,82.0,9.0,40.0,548.0,306.0,183.0,71.0,150.0,121.0,233.0,106.0,339.0,116.0,57.0,193.0,0.558,0.388,0.807
1629645,Kevin,Porter Jr.,32,1012.96,527.0,231.0,13.0,63.0,410.0,187.0,134.0,46.0,126.0,107.0,129.0,25.0,154.0,63.0,96.0,-40.0,0.456,0.343,0.849
1629646,Charles,Bassey,14,68.92,18.0,3.0,7.0,3.0,18.0,7.0,1.0,0.0,7.0,4.0,17.0,16.0,33.0,10.0,3.0,-4.0,0.389,0.0,0.571
1629650,Moses,Brown,5,8.1,9.0,0.0,0.0,0.0,7.0,4.0,0.0,0.0,2.0,1.0,2.0,4.0,6.0,1.0,0.0,-2.0,0.571,0.0,0.5
1629651,Nic,Claxton,54,1539.15,666.0,210.0,65.0,38.0,467.0,274.0,17.0,4.0,190.0,114.0,262.0,138.0,400.0,125.0,80.0,-300.0,0.587,0.235,0.6
1629652,Luguentz,Dort,54,1291.18,414.0,58.0,21.0,42.0,369.0,147.0,261.0,91.0,37.0,29.0,138.0,42.0,180.0,135.0,38.0,245.0,0.398,0.349,0.784
1629655,Daniel,Gafford,40,806.91,305.0,35.0,51.0,29.0,185.0,117.0,0.0,0.0,94.0,71.0,166.0,81.0,247.0,100.0,50.0,-107.0,0.632,0.0,0.755
1629656,Quentin,Grimes,51,1448.6100000000001,631.0,179.0,19.0,48.0,462.0,204.0,261.0,91.0,153.0,132.0,151.0,31.0,182.0,99.0,92.0,36.0,0.442,0.349,0.863
1629660,Ty,Jerome,12,158.14,144.0,45.0,2.0,10.0,91.0,47.0,46.0,17.0,41.0,33.0,14.0,5.0,19.0,18.0,14.0,25.0,0.516,0.37,0.805
1629661,Cameron,Johnson,36,1038.68,397.0,76.0,10.0,26.0,299.0,138.0,158.0,66.0,67.0,55.0,103.0,22.0,125.0,87.0,33.0,239.0,0.462,0.418,0.821
1629667,Jalen,McDaniels,2,13.66,3.0,1.0,0.0,2.0,1.0,1.0,1.0,1.0,0.0,0.0,4.0,0.0,4.0,0.0,1.0,2.0,1.0,1.0,0.0
1629673,Jordan,Poole,41,787.38,463.0,99.0,11.0,20.0,379.0,141.0,236.0,77.0,117.0,104.0,52.0,7.0,59.0,75.0,58.0,-94.0,0.372,0.326,0.889
1629674,Neemias,Queta,55,1314.67,513.0,79.0,71.0,47.0,342.0,219.0,5.0,0.0,112.0,75.0,280.0,163.0,443.0,153.0,65.0,281.0,0.64,0.0,0.67
1629675,Naz,Reid,59,1503.18,822.0,141.0,53.0,60.0,656.0,309.0,362.0,139.0,87.0,65.0,299.0,69.0,368.0,145.0,93.0,164.0,0.471,0.384,0.747
1629680,Matisse,Thybulle,52,48.06,20.0,3.0,0.0,10.0,10.0,6.0,6.0,4.0,4.0,4.0,4.0,0.0,4.0,7.0,1.0,23.0,0.6,0.667,1.0
1629684,Grant,Williams,27,263.24,90.0,22.0,4.0,6.0,75.0,27.0,52.0,14.0,27.0,22.0,39.0,17.0,56.0,20.0,10.0,64.0,0.36,0.269,0.815
1629716,Marques,Bolden,4,11.23,9.0,0.0,0.0,0.0,7.0,3.0,1.0,0.0,4.0,3.0,2.0,2.0,4.0,0.0,0.0,-9.0,0.429,0.0,0.75
1629718,Charlie,Brown Jr.,1,0.0,0.0,0.0,0.0,0.0,0.0,0.0,0.0,0.0,0.0,0.0,0.0,0.0,0.0,0.0,0.0,0.0,0.0,0.0,0.0
1629723,John,Konchar,50,582.37,121.0,50.0,19.0,41.0,99.0,46.0,55.0,15.0,24.0,14.0,98.0,30.0,128.0,46.0,19.0,-14.0,0.465,0.273,0.583
1629726,Garrison,Mathews,20,245.59,105.0,16.0,3.0,7.0,73.0,28.0,63.0,24.0,29.0,25.0,19.0,2.0,21.0,22.0,3.0,0.0,0.384,0.381,0.862
1629731,Dean,Wade,48,1053.39,276.0,75.0,18.0,38.0,233.0,95.0,169.0,55.0,42.0,31.0,153.0,40.0,193.0,76.0,15.0,86.0,0.408,0.325,0.738
1629750,Javonte,Green,57,1015.81,387.0,41.0,17.0,72.0,290.0,130.0,162.0,58.0,86.0,69.0,112.0,42.0,154.0,81.0,36.0,124.0,0.448,0.358,0.802
1630162,Anthony,Edwards,49,1699.95,1407.0,178.0,39.0,63.0,991.0,484.0,405.0,161.0,350.0,278.0,217.0,34.0,251.0,87.0,130.0,148.0,0.488,0.398,0.794
1630163,LaMelo,Ball,49,1326.78,936.0,353.0,11.0,52.0,808.0,330.0,459.0,170.0,120.0,106.0,191.0,40.0,231.0,126.0,150.0,220.0,0.408,0.37,0.883
1630164,James,Wiseman,10,109.97,34.0,5.0,2.0,0.0,25.0,15.0,1.0,0.0,6.0,4.0,9.0,11.0,20.0,14.0,10.0,-59.0,0.6,0.0,0.667
1630165,Killian,Hayes,4,31.619999999999997,12.0,4.0,0.0,3.0,14.0,4.0,6.0,2.0,2.0,2.0,0.0,1.0,1.0,0.0,2.0,-7.0,0.286,0.333,1.0
1630166,Deni,Avdija,60,1650.5,1210.0,316.0,29.0,39.0,803.0,370.0,312.0,107.0,453.0,363.0,298.0,56.0,354.0,129.0,187.0,-13.0,0.461,0.343,0.801
1630167,Obi,Toppin,11,143.92,67.0,15.0,1.0,8.0,61.0,25.0,34.0,8.0,9.0,9.0,28.0,4.0,32.0,14.0,9.0,-41.0,0.41,0.235,1.0
1630168,Onyeka,Okongwu,58,1651.59,840.0,164.0,49.0,60.0,638.0,310.0,279.0,107.0,145.0,113.0,305.0,94.0,399.0,187.0,100.0,-152.0,0.486,0.384,0.779
1630170,Devin,Vassell,46,1385.44,638.0,110.0,18.0,38.0,543.0,230.0,294.0,101.0,91.0,77.0,160.0,20.0,180.0,79.0,41.0,273.0,0.424,0.344,0.846
1630171,Isaac,Okoro,51,1257.59,432.0,77.0,24.0,35.0,349.0,158.0,163.0,51.0,85.0,65.0,76.0,54.0,130.0,130.0,35.0,-178.0,0.453,0.313,0.765
1630172,Patrick,Williams,56,1055.4,391.0,80.0,15.0,35.0,353.0,139.0,189.0,74.0,57.0,39.0,125.0,39.0,164.0,73.0,55.0,-239.0,0.394,0.392,0.684
1630173,Precious,Achiuwa,55,1008.79,362.0,56.0,29.0,42.0,305.0,151.0,55.0,16.0,81.0,44.0,188.0,94.0,282.0,83.0,37.0,-228.0,0.495,0.291,0.543
1630174,Aaron,Nesmith,40,1024.67,467.0,73.0,18.0,23.0,388.0,155.0,216.0,83.0,90.0,74.0,116.0,42.0,158.0,90.0,47.0,-78.0,0.399,0.384,0.822
1630175,Cole,Anthony,52,581.49,272.0,135.0,11.0,24.0,259.0,112.0,84.0,28.0,30.0,20.0,81.0,18.0,99.0,78.0,74.0,-122.0,0.432,0.333,0.667
1630178,Tyrese,Maxey,56,2079.19,1577.0,366.0,42.0,106.0,1170.0,550.0,484.0,183.0,330.0,294.0,209.0,15.0,224.0,126.0,135.0,101.0,0.47,0.378,0.891
1630180,Saddiq,Bey,53,1550.17,848.0,128.0,4.0,46.0,646.0,288.0,279.0,98.0,206.0,174.0,217.0,83.0,300.0,61.0,36.0,-111.0,0.446,0.351,0.845
1630182,Josh,Green,33,494.49,143.0,31.0,3.0,18.0,104.0,48.0,75.0,33.0,16.0,14.0,32.0,28.0,60.0,35.0,19.0,114.0,0.462,0.44,0.875
1630183,Jaden,McDaniels,57,1780.54,829.0,159.0,55.0,53.0,610.0,313.0,188.0,85.0,139.0,118.0,177.0,65.0,242.0,189.0,95.0,232.0,0.513,0.452,0.849
1630188,Jalen,Smith,48,932.21,472.0,61.0,40.0,20.0,355.0,172.0,189.0,68.0,81.0,60.0,236.0,85.0,321.0,96.0,44.0,117.0,0.485,0.36,0.741
1630191,Isaiah,Stewart,53,1158.6,507.0,56.0,87.0,15.0,360.0,194.0,111.0,36.0,110.0,83.0,177.0,82.0,259.0,148.0,61.0,14.0,0.539,0.324,0.755
1630192,Zeke,Nnaji,60,546.22,178.0,24.0,21.0,20.0,142.0,65.0,47.0,12.0,44.0,36.0,84.0,34.0,118.0,55.0,24.0,-102.0,0.458,0.255,0.818
1630193,Immanuel,Quickley,60,1804.1,951.0,341.0,5.0,67.0,755.0,329.0,400.0,152.0,176.0,141.0,210.0,30.0,240.0,120.0,91.0,93.0,0.436,0.38,0.801
1630194,Paul,Reed,56,538.89,268.0,55.0,28.0,37.0,190.0,112.0,29.0,10.0,56.0,34.0,107.0,80.0,187.0,69.0,41.0,170.0,0.589,0.345,0.607
1630198,Isaiah,Joe,52,1052.67,528.0,72.0,10.0,32.0,370.0,162.0,294.0,121.0,94.0,83.0,107.0,23.0,130.0,84.0,31.0,206.0,0.438,0.412,0.883
1630200,Tre,Jones,52,1103.55,506.0,241.0,7.0,62.0,320.0,178.0,68.0,23.0,152.0,127.0,103.0,25.0,128.0,57.0,58.0,-3.0,0.556,0.338,0.836
1630202,Payton,Pritchard,57,1800.96,956.0,298.0,5.0,46.0,783.0,358.0,403.0,141.0,114.0,99.0,185.0,48.0,233.0,76.0,67.0,253.0,0.457,0.35,0.868
1630207,Nate,Hinton,1,1.36,0.0,0.0,0.0,0.0,0.0,0.0,0.0,0.0,0.0,0.0,0.0,0.0,0.0,0.0,1.0,-2.0,0.0,0.0,0.0
1630208,Nick,Richards,58,351.64,150.0,12.0,22.0,9.0,106.0,56.0,3.0,2.0,53.0,36.0,73.0,47.0,120.0,56.0,34.0,-45.0,0.528,0.667,0.679
1630214,Xavier,Tillman,57,175.09,47.0,13.0,4.0,8.0,44.0,21.0,22.0,5.0,0.0,0.0,27.0,15.0,42.0,21.0,7.0,-30.0,0.477,0.227,0.0
1630215,Jared,Butler,4,82.53,62.0,17.0,2.0,7.0,51.0,24.0,17.0,6.0,12.0,8.0,11.0,2.0,13.0,12.0,8.0,-13.0,0.471,0.353,0.667
1630216,Cassius,Winston,1,0.0,0.0,0.0,0.0,0.0,0.0,0.0,0.0,0.0,0.0,0.0,0.0,0.0,0.0,0.0,0.0,0.0,0.0,0.0,0.0
1630217,Desmond,Bane,56,1851.87,1068.0,227.0,28.0,48.0,819.0,384.0,283.0,103.0,211.0,197.0,164.0,67.0,231.0,171.0,121.0,62.0,0.469,0.364,0.934
1630224,Jalen,Green,9,104.74000000000001,78.0,16.0,0.0,3.0,66.0,27.0,37.0,13.0,13.0,11.0,13.0,2.0,15.0,4.0,10.0,60.0,0.409,0.351,0.846
1630228,Jonathan,Kuminga,48,544.65,270.0,66.0,8.0,9.0,215.0,99.0,62.0,20.0,71.0,52.0,104.0,30.0,134.0,39.0,58.0,-48.0,0.46,0.323,0.732
1630230,Naji,Marshall,57,1633.92,836.0,167.0,6.0,58.0,578.0,306.0,163.0,50.0,225.0,174.0,223.0,49.0,272.0,110.0,80.0,-47.0,0.529,0.307,0.773
1630237,Anthony,Lamb,1,29.06,13.0,4.0,0.0,3.0,15.0,4.0,8.0,2.0,5.0,3.0,6.0,2.0,8.0,4.0,2.0,-18.0,0.267,0.25,0.6
1630241,Sam,Merrill,35,798.6,431.0,71.0,5.0,20.0,292.0,142.0,236.0,111.0,41.0,36.0,50.0,22.0,72.0,85.0,30.0,170.0,0.486,0.47,0.878
1630245,Ayo,Dosunmu,54,1354.09,782.0,179.0,13.0,39.0,557.0,292.0,217.0,96.0,117.0,102.0,119.0,33.0,152.0,95.0,67.0,-111.0,0.524,0.442,0.872
1630249,Vit,Krejci,61,1204.68,497.0,82.0,18.0,43.0,378.0,174.0,287.0,115.0,44.0,34.0,90.0,26.0,116.0,131.0,35.0,-59.0,0.46,0.401,0.773
1630256,Jae'Sean,Tate,53,260.31,85.0,16.0,3.0,8.0,73.0,37.0,22.0,7.0,7.0,4.0,25.0,22.0,47.0,36.0,10.0,-65.0,0.507,0.318,0.571
1630264,Anthony,Gill,56,235.73,69.0,11.0,6.0,13.0,53.0,27.0,16.0,4.0,16.0,11.0,33.0,20.0,53.0,26.0,10.0,-8.0,0.509,0.25,0.688
1630284,Kevon,Harris,6,38.49,22.0,2.0,0.0,1.0,13.0,5.0,5.0,2.0,12.0,10.0,8.0,3.0,11.0,4.0,1.0,0.0,0.385,0.4,0.833
1630296,Braxton,Key,5,16.58,8.0,1.0,0.0,1.0,8.0,3.0,2.0,0.0,4.0,2.0,4.0,2.0,6.0,1.0,3.0,5.0,0.375,0.0,0.5
1630311,Pat,Spencer,58,695.64,290.0,138.0,2.0,32.0,255.0,108.0,94.0,34.0,52.0,40.0,73.0,32.0,105.0,53.0,51.0,-32.0,0.424,0.362,0.769
1630314,Brandon,Williams,50,1004.61,587.0,169.0,9.0,48.0,447.0,209.0,114.0,26.0,183.0,143.0,110.0,24.0,134.0,74.0,89.0,3.0,0.468,0.228,0.781
1630322,Lindy,Waters III,49,251.03,83.0,17.0,0.0,6.0,72.0,28.0,63.0,23.0,5.0,4.0,24.0,5.0,29.0,26.0,6.0,-7.0,0.389,0.365,0.8
1630346,Matt,Ryan,5,25.14,4.0,4.0,0.0,0.0,6.0,1.0,5.0,1.0,2.0,1.0,2.0,0.0,2.0,2.0,2.0,2.0,0.167,0.2,0.5
1630526,Jeremiah,Robinson-Earl,28,404.83,130.0,20.0,2.0,12.0,122.0,48.0,50.0,13.0,23.0,21.0,77.0,42.0,119.0,29.0,15.0,-50.0,0.393,0.26,0.913
1630529,Herbert,Jones,37,987.6,310.0,89.0,16.0,56.0,295.0,114.0,150.0,45.0,47.0,37.0,93.0,30.0,123.0,111.0,45.0,-74.0,0.386,0.3,0.787
1630530,Trey,Murphy III,56,1907.34,1196.0,203.0,16.0,83.0,885.0,423.0,465.0,175.0,196.0,175.0,254.0,55.0,309.0,116.0,99.0,-209.0,0.478,0.376,0.893
1630531,Jaden,Springer,5,12.379999999999999,7.0,3.0,0.0,0.0,4.0,2.0,1.0,1.0,2.0,2.0,1.0,3.0,4.0,1.0,1.0,14.0,0.5,1.0,1.0
1630532,Franz,Wagner,32,946.03,645.0,109.0,9.0,34.0,455.0,218.0,126.0,46.0,194.0,163.0,126.0,44.0,170.0,70.0,53.0,45.0,0.479,0.365,0.84
1630533,Ziaire,Williams,49,948.34,417.0,33.0,20.0,51.0,317.0,136.0,213.0,72.0,84.0,73.0,84.0,23.0,107.0,90.0,42.0,-151.0,0.429,0.338,0.869
1630534,Ochai,Agbaji,55,769.64,220.0,35.0,12.0,23.0,209.0,88.0,80.0,16.0,34.0,28.0,82.0,44.0,126.0,83.0,21.0,1.0,0.421,0.2,0.824
1630536,Sharife,Cooper,24,194.6,78.0,26.0,2.0,4.0,59.0,30.0,21.0,11.0,9.0,7.0,23.0,4.0,27.0,19.0,20.0,-59.0,0.508,0.524,0.778
1630538,Bones,Hyland,62,782.14,390.0,138.0,12.0,33.0,303.0,139.0,187.0,73.0,53.0,39.0,79.0,16.0,95.0,95.0,48.0,123.0,0.459,0.39,0.736
1630540,Miles,McBride,42,1088.76,501.0,109.0,8.0,38.0,403.0,174.0,270.0,112.0,53.0,41.0,79.0,25.0,104.0,74.0,34.0,230.0,0.432,0.415,0.774
1630541,Moses,Moody,56,1355.48,640.0,80.0,33.0,52.0,490.0,216.0,329.0,134.0,95.0,74.0,131.0,47.0,178.0,107.0,48.0,113.0,0.441,0.407,0.779
1630543,Isaiah,Jackson,44,686.95,261.0,33.0,31.0,32.0,180.0,103.0,1.0,0.0,80.0,55.0,132.0,91.0,223.0,120.0,47.0,-84.0,0.572,0.0,0.688
1630544,Tre,Mann,49,580.8,268.0,80.0,4.0,17.0,270.0,101.0,140.0,48.0,21.0,18.0,67.0,20.0,87.0,61.0,47.0,-139.0,0.374,0.343,0.857
1630545,Terrence,Shannon Jr.,28,389.42,160.0,35.0,1.0,12.0,121.0,51.0,56.0,26.0,43.0,32.0,38.0,9.0,47.0,38.0,26.0,-65.0,0.421,0.464,0.744
1630546,Max,Abmas,2,0.0,0.0,0.0,0.0,0.0,0.0,0.0,0.0,0.0,0.0,0.0,0.0,0.0,0.0,0.0,0.0,0.0,0.0,0.0,0.0
1630548,Johnny,Juzang,56,170.35,112.0,8.0,3.0,5.0,88.0,41.0,53.0,20.0,14.0,10.0,29.0,9.0,38.0,11.0,11.0,16.0,0.466,0.377,0.714
1630549,Day'Ron,Sharpe,55,1004.9,462.0,124.0,23.0,60.0,292.0,177.0,34.0,8.0,145.0,100.0,217.0,150.0,367.0,127.0,90.0,-49.0,0.606,0.235,0.69
1630551,Justin,Champagnie,56,993.99,404.0,57.0,31.0,41.0,309.0,154.0,115.0,36.0,79.0,60.0,185.0,111.0,296.0,80.0,32.0,-211.0,0.498,0.313,0.759
1630552,Jalen,Johnson,57,1839.79,1195.0,411.0,27.0,70.0,880.0,444.0,238.0,84.0,286.0,223.0,463.0,78.0,541.0,110.0,175.0,24.0,0.505,0.353,0.78
1630554,Jason,Preston,4,46.13,9.0,11.0,0.0,1.0,7.0,3.0,0.0,0.0,6.0,3.0,5.0,4.0,9.0,2.0,3.0,10.0,0.429,0.0,0.5
1630556,Kessler,Edwards,5,8.25,1.0,0.0,2.0,0.0,0.0,0.0,0.0,0.0,2.0,1.0,3.0,0.0,3.0,0.0,2.0,0.0,0.0,0.0,0.5
1630557,Corey,Kispert,39,761.65,357.0,67.0,5.0,15.0,273.0,124.0,161.0,56.0,66.0,53.0,80.0,16.0,96.0,39.0,32.0,-177.0,0.454,0.348,0.803
1630558,Davion,Mitchell,60,1369.32,438.0,329.0,6.0,52.0,361.0,172.0,140.0,56.0,57.0,38.0,98.0,19.0,117.0,131.0,78.0,182.0,0.476,0.4,0.667
1630559,Austin,Reaves,35,1039.6,786.0,183.0,8.0,31.0,485.0,244.0,215.0,75.0,256.0,223.0,134.0,21.0,155.0,65.0,107.0,60.0,0.503,0.349,0.871
1630560,Cam,Thomas,34,732.45,478.0,96.0,3.0,6.0,387.0,157.0,143.0,45.0,139.0,119.0,49.0,10.0,59.0,37.0,58.0,-117.0,0.406,0.315,0.856
1630561,David,Duke Jr.,4,31.519999999999996,5.0,5.0,0.0,0.0,7.0,2.0,4.0,1.0,0.0,0.0,4.0,0.0,4.0,4.0,2.0,1.0,0.286,0.25,0.0
1630567,Scottie,Barnes,59,1945.93,1092.0,320.0,89.0,79.0,851.0,422.0,172.0,49.0,242.0,199.0,363.0,123.0,486.0,163.0,151.0,162.0,0.496,0.285,0.822
1630568,Luka,Garza,56,804.39,385.0,48.0,23.0,22.0,235.0,137.0,77.0,33.0,101.0,78.0,94.0,117.0,211.0,121.0,30.0,96.0,0.583,0.429,0.772
1630570,Trendon,Watford,35,523.92,199.0,85.0,10.0,9.0,155.0,79.0,29.0,10.0,43.0,31.0,84.0,26.0,110.0,65.0,36.0,-76.0,0.51,0.345,0.721
1630572,Sandro,Mamukelashvili,59,1307.55,654.0,116.0,34.0,46.0,469.0,245.0,219.0,80.0,110.0,84.0,214.0,91.0,305.0,116.0,54.0,110.0,0.522,0.365,0.764
1630573,Sam,Hauser,57,1252.65,487.0,73.0,17.0,33.0,403.0,166.0,347.0,137.0,19.0,18.0,160.0,34.0,194.0,77.0,28.0,218.0,0.412,0.395,0.947
1630574,Ariel,Hukporti,61,403.75,98.0,24.0,22.0,6.0,62.0,38.0,4.0,1.0,32.0,21.0,88.0,46.0,134.0,56.0,23.0,6.0,0.613,0.25,0.656
1630577,Julian,Champagnie,60,1629.41,672.0,86.0,25.0,49.0,496.0,215.0,384.0,149.0,110.0,93.0,283.0,50.0,333.0,90.0,55.0,334.0,0.433,0.388,0.845
1630578,Alperen,Sengun,50,1621.56,992.0,315.0,50.0,68.0,769.0,383.0,91.0,28.0,281.0,198.0,302.0,151.0,453.0,156.0,153.0,205.0,0.498,0.308,0.705
1630579,Jericho,Sims,57,665.4399999999999,146.0,37.0,9.0,8.0,80.0,65.0,0.0,0.0,27.0,16.0,123.0,55.0,178.0,73.0,41.0,-132.0,0.812,0.0,0.593
1630581,Josh,Giddey,44,1200.67,701.0,332.0,13.0,35.0,518.0,239.0,180.0,65.0,204.0,158.0,282.0,44.0,326.0,63.0,132.0,-102.0,0.461,0.361,0.775
1630583,Santi,Aldama,50,1295.09,646.0,135.0,31.0,38.0,518.0,245.0,220.0,77.0,120.0,79.0,244.0,77.0,321.0,77.0,63.0,-81.0,0.473,0.35,0.658
1630587,Isaiah,Livers,36,312.72,70.0,22.0,8.0,13.0,60.0,25.0,41.0,13.0,10.0,7.0,42.0,19.0,61.0,30.0,13.0,30.0,0.417,0.317,0.7
1630590,Scotty,Pippen Jr.,16,79.15,45.0,16.0,2.0,7.0,31.0,15.0,11.0,4.0,13.0,11.0,3.0,2.0,5.0,17.0,7.0,-42.0,0.484,0.364,0.846
1630591,Jalen,Suggs,35,873.6800000000001,464.0,182.0,25.0,66.0,370.0,164.0,197.0,64.0,85.0,72.0,108.0,24.0,132.0,91.0,83.0,139.0,0.443,0.325,0.847
1630592,Jalen,Wilson,57,540.72,205.0,24.0,2.0,14.0,171.0,65.0,107.0,40.0,47.0,35.0,53.0,8.0,61.0,51.0,19.0,-111.0,0.38,0.374,0.745
1630595,Cade,Cunningham,52,1690.82,1253.0,474.0,40.0,75.0,936.0,438.0,285.0,97.0,345.0,280.0,229.0,46.0,275.0,158.0,179.0,409.0,0.468,0.34,0.812
1630596,Evan,Mobley,46,1470.04,793.0,181.0,88.0,43.0,601.0,305.0,169.0,51.0,204.0,132.0,286.0,99.0,385.0,112.0,95.0,165.0,0.507,0.302,0.647
1630598,Aaron,Wiggins,50,1084.05,485.0,96.0,26.0,45.0,418.0,182.0,214.0,80.0,55.0,41.0,132.0,28.0,160.0,67.0,67.0,155.0,0.435,0.374,0.745
1630604,E.J.,Liddell,24,55.95,24.0,0.0,0.0,1.0,19.0,9.0,12.0,4.0,3.0,2.0,11.0,3.0,14.0,7.0,2.0,7.0,0.474,0.333,0.667
1630606,Javonte,Smart,1,0.0,0.0,0.0,0.0,0.0,0.0,0.0,0.0,0.0,0.0,0.0,0.0,0.0,0.0,0.0,0.0,0.0,0.0,0.0,0.0
1630611,Gui,Santos,59,705.65,272.0,72.0,16.0,33.0,198.0,102.0,111.0,40.0,44.0,28.0,102.0,38.0,140.0,77.0,47.0,35.0,0.515,0.36,0.636
1630615,Dawson,Garcia,4,0.0,0.0,0.0,0.0,0.0,0.0,0.0,0.0,0.0,0.0,0.0,0.0,0.0,0.0,0.0,0.0,0.0,0.0,0.0,0.0
1630619,Moussa,Cisse,46,388.35,117.0,8.0,41.0,10.0,73.0,45.0,0.0,0.0,58.0,27.0,86.0,60.0,146.0,64.0,25.0,4.0,0.616,0.0,0.466
1630621,Hunter,Dickinson,8,49.46,22.0,5.0,1.0,2.0,17.0,11.0,1.0,0.0,0.0,0.0,8.0,4.0,12.0,7.0,3.0,-5.0,0.647,0.0,0.0
1630622,Jalen,Crutcher,2,5.02,3.0,0.0,0.0,0.0,1.0,1.0,1.0,1.0,0.0,0.0,0.0,0.0,0.0,0.0,0.0,-2.0,1.0,1.0,0.0
1630623,Tyson,Etienne,23,42.650000000000006,15.0,1.0,0.0,0.0,18.0,5.0,16.0,5.0,0.0,0.0,1.0,0.0,1.0,7.0,1.0,8.0,0.278,0.312,0.0
1630625,Dalano,Banton,4,14.89,9.0,3.0,0.0,2.0,6.0,4.0,2.0,1.0,0.0,0.0,2.0,1.0,3.0,0.0,2.0,14.0,0.667,0.5,0.0
1630631,Jose,Alvarado,51,1009.12,385.0,148.0,5.0,46.0,326.0,137.0,225.0,83.0,34.0,28.0,113.0,16.0,129.0,94.0,57.0,-42.0,0.42,0.369,0.824
1630639,A.J.,Lawson,26,130.83,61.0,4.0,3.0,5.0,52.0,19.0,27.0,9.0,15.0,14.0,18.0,9.0,27.0,17.0,4.0,-27.0,0.365,0.333,0.933
1630640,MJ,Walker,1,0.0,0.0,0.0,0.0,0.0,0.0,0.0,0.0,0.0,0.0,0.0,0.0,0.0,0.0,0.0,0.0,0.0,0.0,0.0,0.0
1630641,Ibou,Badji,2,10.39,2.0,0.0,1.0,0.0,1.0,0.0,0.0,0.0,2.0,2.0,2.0,1.0,3.0,1.0,0.0,4.0,0.0,0.0,1.0
1630643,Jay,Huff,59,1149.14,499.0,74.0,113.0,32.0,392.0,184.0,246.0,76.0,66.0,55.0,165.0,57.0,222.0,150.0,52.0,-213.0,0.469,0.309,0.833
1630644,Mac,McClung,6,46.81,23.0,2.0,2.0,5.0,25.0,9.0,12.0,2.0,4.0,3.0,5.0,0.0,5.0,8.0,3.0,-20.0,0.36,0.167,0.75
1630649,Stanley,Umude,9,54.66,26.0,2.0,0.0,2.0,19.0,9.0,10.0,3.0,6.0,5.0,5.0,3.0,8.0,8.0,1.0,4.0,0.474,0.3,0.833
1630658,Colin,Castleton,5,12.530000000000001,11.0,0.0,0.0,0.0,6.0,4.0,0.0,0.0,4.0,3.0,4.0,3.0,7.0,3.0,3.0,6.0,0.667,0.0,0.75
1630667,Kyle,Mangas,1,0.0,0.0,0.0,0.0,0.0,0.0,0.0,0.0,0.0,0.0,0.0,0.0,0.0,0.0,0.0,0.0,0.0,0.0,0.0,0.0
1630676,Justin,Smith,1,20.56,16.0,2.0,0.0,3.0,9.0,7.0,0.0,0.0,3.0,2.0,5.0,2.0,7.0,1.0,1.0,-8.0,0.778,0.0,0.667
1630679,Ethan,Thompson,34,435.16,142.0,43.0,6.0,17.0,138.0,50.0,84.0,25.0,22.0,17.0,36.0,14.0,50.0,55.0,17.0,-37.0,0.362,0.298,0.773
1630692,Jordan,Goodwin,59,1218.56,505.0,128.0,12.0,85.0,466.0,191.0,246.0,87.0,51.0,36.0,155.0,104.0,259.0,106.0,60.0,117.0,0.41,0.354,0.706
1630695,Micah,Potter,30,442.75,180.0,33.0,10.0,10.0,127.0,55.0,84.0,30.0,45.0,40.0,84.0,20.0,104.0,38.0,21.0,-14.0,0.433,0.357,0.889
1630696,Dru,Smith,61,997.79,360.0,156.0,20.0,83.0,290.0,120.0,121.0,38.0,97.0,82.0,102.0,50.0,152.0,92.0,51.0,-41.0,0.414,0.314,0.845
1630699,MarJon,Beauchamp,5,36.11,18.0,5.0,1.0,3.0,14.0,6.0,7.0,3.0,4.0,3.0,6.0,1.0,7.0,0.0,3.0,-15.0,0.429,0.429,0.75
1630700,Dyson,Daniels,59,1805.16,631.0,334.0,23.0,99.0,563.0,281.0,78.0,10.0,95.0,59.0,232.0,120.0,352.0,120.0,107.0,28.0,0.499,0.128,0.621
1630702,Jaden,Hardy,55,498.97,281.0,35.0,3.0,11.0,234.0,93.0,149.0,57.0,47.0,38.0,46.0,13.0,59.0,48.0,36.0,61.0,0.397,0.383,0.809
1630703,Scoot,Henderson,35,79.11,56.0,22.0,0.0,3.0,29.0,15.0,19.0,7.0,23.0,19.0,11.0,1.0,12.0,14.0,18.0,16.0,0.517,0.368,0.826
1630762,Phillip,Wheeler,1,0.0,0.0,0.0,0.0,0.0,0.0,0.0,0.0,0.0,0.0,0.0,0.0,0.0,0.0,0.0,0.0,0.0,0.0,0.0,0.0
1630787,Cameron,McGriff,2,0.0,0.0,0.0,0.0,0.0,0.0,0.0,0.0,0.0,0.0,0.0,0.0,0.0,0.0,0.0,0.0,0.0,0.0,0.0,0.0
1630792,Malcolm,Hill,4,33.23,25.0,2.0,0.0,3.0,19.0,8.0,11.0,5.0,5.0,4.0,1.0,1.0,2.0,3.0,2.0,-7.0,0.421,0.455,0.8
1630811,Keaton,Wallace,58,505.04,176.0,100.0,5.0,27.0,162.0,65.0,96.0,35.0,17.0,11.0,50.0,3.0,53.0,43.0,27.0,-78.0,0.401,0.365,0.647
1630817,Pedro,Bradshaw,1,0.0,0.0,0.0,0.0,0.0,0.0,0.0,0.0,0.0,0.0,0.0,0.0,0.0,0.0,0.0,0.0,0.0,0.0,0.0,0.0
1630846,Olivier,Sarr,5,38.510000000000005,10.0,2.0,3.0,0.0,9.0,3.0,4.0,0.0,4.0,4.0,5.0,4.0,9.0,13.0,2.0,-25.0,0.333,0.0,1.0
1630855,Zeng,Fanbo,3,10.06,0.0,0.0,0.0,1.0,0.0,0.0,0.0,0.0,0.0,0.0,0.0,0.0,0.0,3.0,0.0,-15.0,0.0,0.0,0.0
1631093,Jaden,Ivey,41,676.41,323.0,69.0,14.0,23.0,261.0,116.0,135.0,51.0,49.0,40.0,68.0,24.0,92.0,56.0,44.0,33.0,0.444,0.378,0.816
1631094,Paolo,Banchero,46,1539.7,955.0,211.0,33.0,31.0,700.0,316.0,170.0,51.0,355.0,272.0,331.0,48.0,379.0,90.0,126.0,-57.0,0.451,0.3,0.766
1631095,Jabari,Smith Jr.,57,1882.86,844.0,98.0,52.0,42.0,683.0,300.0,340.0,124.0,153.0,120.0,299.0,82.0,381.0,137.0,73.0,203.0,0.439,0.365,0.784
1631096,Chet,Holmgren,52,1440.17,864.0,83.0,96.0,26.0,576.0,321.0,179.0,62.0,203.0,160.0,339.0,93.0,432.0,122.0,77.0,426.0,0.557,0.346,0.788
1631097,Bennedict,Mathurin,35,1012.16,588.0,72.0,6.0,25.0,413.0,184.0,172.0,66.0,175.0,154.0,150.0,29.0,179.0,90.0,75.0,-177.0,0.446,0.384,0.88
1631099,Keegan,Murray,24,718.53,292.0,30.0,34.0,25.0,275.0,117.0,98.0,25.0,44.0,33.0,89.0,35.0,124.0,39.0,22.0,-125.0,0.425,0.255,0.75
1631101,Shaedon,Sharpe,60,1539.03,1102.0,133.0,6.0,72.0,909.0,414.0,325.0,110.0,212.0,164.0,179.0,52.0,231.0,109.0,153.0,-37.0,0.455,0.338,0.774
1631102,TyTy,Washington Jr.,14,47.36,19.0,14.0,2.0,5.0,14.0,8.0,7.0,3.0,0.0,0.0,2.0,1.0,3.0,2.0,1.0,-14.0,0.571,0.429,0.0
1631103,Malaki,Branham,43,286.81,134.0,24.0,3.0,10.0,98.0,45.0,39.0,14.0,36.0,30.0,33.0,13.0,46.0,21.0,16.0,-37.0,0.459,0.359,0.833
1631104,Blake,Wesley,29,272.52,97.0,50.0,1.0,18.0,90.0,38.0,31.0,7.0,23.0,14.0,28.0,10.0,38.0,23.0,24.0,-54.0,0.422,0.226,0.609
1631105,Jalen,Duren,51,1240.87,805.0,80.0,37.0,43.0,496.0,314.0,0.0,0.0,238.0,177.0,305.0,164.0,469.0,128.0,85.0,294.0,0.633,0.0,0.744
1631106,Tari,Eason,40,830.52,416.0,50.0,18.0,42.0,347.0,159.0,159.0,70.0,42.0,28.0,137.0,63.0,200.0,72.0,51.0,84.0,0.458,0.44,0.667
1631107,Nikola,Jovic,57,836.39,360.0,111.0,18.0,28.0,321.0,120.0,170.0,46.0,106.0,74.0,137.0,29.0,166.0,69.0,66.0,8.0,0.374,0.271,0.698
1631108,Max,Christie,54,1543.79,693.0,121.0,18.0,28.0,512.0,236.0,301.0,126.0,109.0,95.0,164.0,11.0,175.0,74.0,57.0,-153.0,0.461,0.419,0.872
1631109,Mark,Williams,53,1191.73,606.0,54.0,47.0,49.0,367.0,244.0,1.0,1.0,152.0,117.0,249.0,155.0,404.0,113.0,53.0,46.0,0.665,1.0,0.77
1631110,Jeremy,Sochan,44,352.26,114.0,28.0,5.0,10.0,99.0,47.0,35.0,9.0,16.0,11.0,47.0,26.0,73.0,50.0,18.0,-92.0,0.475,0.257,0.688
1631111,Wendell,Moore Jr.,16,70.35,17.0,6.0,2.0,3.0,11.0,7.0,2.0,0.0,4.0,3.0,6.0,1.0,7.0,3.0,3.0,30.0,0.636,0.0,0.75
1631112,Kendall,Brown,4,14.76,7.0,2.0,1.0,1.0,4.0,3.0,0.0,0.0,2.0,1.0,3.0,0.0,3.0,3.0,1.0,-5.0,0.75,0.0,0.5
1631113,Kennedy,Chandler,4,87.95,41.0,14.0,1.0,7.0,35.0,16.0,8.0,1.0,13.0,8.0,3.0,3.0,6.0,3.0,11.0,-20.0,0.457,0.125,0.615
1631114,Jalen,Williams,26,750.89,455.0,141.0,9.0,33.0,365.0,175.0,64.0,20.0,102.0,85.0,104.0,17.0,121.0,54.0,50.0,141.0,0.479,0.312,0.833
1631115,Orlando,Robinson,17,48.370000000000005,25.0,7.0,1.0,2.0,16.0,10.0,5.0,2.0,4.0,3.0,7.0,9.0,16.0,10.0,1.0,1.0,0.625,0.4,0.75
1631116,Patrick,Baldwin Jr.,10,50.65,19.0,5.0,2.0,2.0,16.0,7.0,10.0,3.0,2.0,2.0,8.0,1.0,9.0,4.0,7.0,14.0,0.438,0.3,1.0
1631117,Walker,Kessler,10,178.3,86.0,23.0,11.0,9.0,46.0,32.0,9.0,7.0,22.0,15.0,36.0,28.0,64.0,25.0,17.0,25.0,0.696,0.778,0.682
1631119,Jaylin,Williams,47,874.96,304.0,111.0,36.0,26.0,253.0,99.0,182.0,61.0,60.0,45.0,193.0,25.0,218.0,96.0,49.0,191.0,0.391,0.335,0.75
1631120,JD,Davison,50,256.4,95.0,40.0,5.0,10.0,82.0,35.0,44.0,16.0,16.0,9.0,26.0,5.0,31.0,18.0,11.0,19.0,0.427,0.364,0.562
1631121,Bryce,McGowens,45,667.5,271.0,50.0,4.0,19.0,184.0,89.0,65.0,29.0,83.0,64.0,54.0,13.0,67.0,71.0,17.0,-48.0,0.484,0.446,0.771
1631123,Jamaree,Bouyea,35,461.01,198.0,55.0,12.0,19.0,169.0,82.0,57.0,18.0,22.0,16.0,44.0,13.0,57.0,24.0,19.0,15.0,0.485,0.316,0.727
1631124,Julian,Strawther,48,506.02,242.0,35.0,2.0,15.0,181.0,84.0,83.0,30.0,58.0,44.0,78.0,6.0,84.0,43.0,24.0,-27.0,0.464,0.361,0.759
1631126,Caleb,Love,49,1061.24,558.0,128.0,4.0,29.0,528.0,207.0,317.0,101.0,60.0,43.0,94.0,29.0,123.0,55.0,69.0,-153.0,0.392,0.319,0.717
1631127,Harrison,Ingram,21,63.55,24.0,4.0,0.0,2.0,19.0,11.0,7.0,2.0,5.0,0.0,11.0,8.0,19.0,10.0,3.0,14.0,0.579,0.286,0.0
1631128,Christian,Braun,25,659.01,232.0,63.0,7.0,14.0,172.0,89.0,53.0,18.0,48.0,36.0,64.0,31.0,95.0,51.0,28.0,161.0,0.517,0.34,0.75
1631131,Oscar,Tshiebwe,25,35.02,8.0,5.0,0.0,1.0,6.0,3.0,0.0,0.0,3.0,2.0,8.0,5.0,13.0,3.0,1.0,0.0,0.5,0.0,0.667
1631132,Christian,Koloko,33,373.81,71.0,22.0,26.0,15.0,70.0,31.0,7.0,2.0,12.0,7.0,58.0,33.0,91.0,52.0,21.0,-6.0,0.443,0.286,0.583
1631133,Jabari,Walker,54,617.02,199.0,24.0,13.0,17.0,165.0,68.0,71.0,18.0,58.0,45.0,102.0,52.0,154.0,85.0,24.0,0.0,0.412,0.254,0.776
1631157,Ryan,Rollins,55,1690.73,904.0,286.0,22.0,78.0,742.0,347.0,312.0,128.0,108.0,82.0,199.0,44.0,243.0,152.0,128.0,-31.0,0.468,0.41,0.759
1631159,Leonard,Miller,59,165.92,88.0,11.0,1.0,8.0,55.0,34.0,18.0,5.0,19.0,15.0,35.0,12.0,47.0,20.0,16.0,-14.0,0.618,0.278,0.789
1631165,Keon,Ellis,56,890.11,289.0,36.0,25.0,57.0,246.0,100.0,173.0,65.0,39.0,24.0,55.0,17.0,72.0,84.0,29.0,-214.0,0.407,0.376,0.615
1631166,Drew,Timme,24,169.76,69.0,17.0,0.0,6.0,55.0,29.0,19.0,7.0,7.0,4.0,17.0,12.0,29.0,13.0,9.0,4.0,0.527,0.368,0.571
1631169,Josh,Minott,52,618.86,238.0,37.0,16.0,29.0,170.0,87.0,92.0,38.0,33.0,26.0,93.0,48.0,141.0,57.0,23.0,58.0,0.512,0.413,0.788
1631170,Jaime,Jaquez Jr.,62,1601.0,840.0,259.0,16.0,44.0,672.0,336.0,109.0,31.0,180.0,137.0,220.0,73.0,293.0,114.0,123.0,100.0,0.5,0.284,0.761
1631172,Ousmane,Dieng,52,508.71,202.0,53.0,13.0,11.0,181.0,74.0,102.0,36.0,23.0,18.0,74.0,14.0,88.0,40.0,21.0,38.0,0.409,0.353,0.783
1631174,Tyler,Burton,3,15.8,3.0,0.0,0.0,0.0,2.0,1.0,1.0,0.0,2.0,1.0,5.0,0.0,5.0,3.0,0.0,2.0,0.5,0.0,0.5
1631197,Jared,Rhoden,5,11.17,5.0,2.0,0.0,2.0,3.0,2.0,0.0,0.0,2.0,1.0,1.0,0.0,1.0,3.0,1.0,1.0,0.667,0.0,0.5
1631199,Ron,Harper Jr.,24,144.99,40.0,13.0,5.0,2.0,46.0,14.0,33.0,9.0,4.0,3.0,16.0,14.0,30.0,17.0,2.0,-22.0,0.304,0.273,0.75
1631200,Kris,Murray,57,952.35,236.0,47.0,14.0,44.0,189.0,88.0,83.0,23.0,51.0,37.0,86.0,69.0,155.0,75.0,33.0,-67.0,0.466,0.277,0.725
1631204,Marcus,Sasser,34,186.76,103.0,38.0,2.0,12.0,76.0,35.0,48.0,19.0,16.0,14.0,14.0,1.0,15.0,17.0,13.0,39.0,0.461,0.396,0.875
1631205,Buddy,Boeheim,4,11.850000000000001,6.0,0.0,0.0,0.0,6.0,2.0,6.0,2.0,0.0,0.0,0.0,0.0,0.0,0.0,0.0,3.0,0.333,0.333,0.0
1631207,Dalen,Terry,52,457.56,141.0,60.0,15.0,25.0,127.0,52.0,55.0,20.0,29.0,17.0,58.0,26.0,84.0,41.0,29.0,-31.0,0.409,0.364,0.586
1631210,Jacob,Toppin,16,88.72,48.0,10.0,4.0,1.0,40.0,18.0,12.0,2.0,15.0,10.0,10.0,0.0,10.0,6.0,5.0,1.0,0.45,0.167,0.667
1631211,Trevor,Keels,3,44.730000000000004,12.0,4.0,0.0,2.0,12.0,4.0,6.0,2.0,2.0,2.0,2.0,1.0,3.0,2.0,3.0,-26.0,0.333,0.333,1.0
1631212,Peyton,Watson,57,1595.78,778.0,106.0,59.0,52.0,563.0,280.0,185.0,77.0,193.0,141.0,211.0,50.0,261.0,126.0,97.0,188.0,0.497,0.416,0.731
1631213,Tyrese,Martin,52,736.26,295.0,73.0,6.0,23.0,273.0,108.0,163.0,56.0,32.0,23.0,82.0,36.0,118.0,32.0,37.0,-150.0,0.396,0.344,0.719
1631214,Alondes,Williams,2,11.16,0.0,1.0,0.0,0.0,3.0,0.0,3.0,0.0,0.0,0.0,0.0,0.0,0.0,1.0,1.0,-14.0,0.0,0.0,0.0
1631216,Caleb,Houstan,28,108.53,56.0,3.0,3.0,3.0,41.0,16.0,33.0,14.0,12.0,10.0,4.0,6.0,10.0,15.0,7.0,-19.0,0.39,0.424,0.833
1631217,Moussa,Diabate,56,1344.21,467.0,82.0,52.0,40.0,282.0,179.0,2.0,1.0,166.0,108.0,264.0,198.0,462.0,129.0,50.0,161.0,0.635,0.5,0.651
1631218,Trayce,Jackson-Davis,58,496.25,199.0,43.0,24.0,17.0,132.0,79.0,1.0,1.0,69.0,40.0,85.0,68.0,153.0,51.0,23.0,-62.0,0.598,1.0,0.58
1631221,Collin,Gillespie,58,1568.27,745.0,261.0,13.0,76.0,598.0,259.0,400.0,168.0,70.0,59.0,179.0,60.0,239.0,85.0,93.0,181.0,0.433,0.42,0.843
1631222,Jake,LaRavia,60,1561.44,547.0,119.0,27.0,77.0,427.0,195.0,200.0,64.0,121.0,93.0,153.0,81.0,234.0,132.0,71.0,-146.0,0.457,0.32,0.769
1631223,David,Roddy,5,21.009999999999998,9.0,1.0,0.0,2.0,10.0,3.0,7.0,1.0,2.0,2.0,2.0,0.0,2.0,1.0,0.0,6.0,0.3,0.143,1.0
1631230,Dominick,Barlow,48,1132.48,397.0,54.0,26.0,44.0,289.0,157.0,71.0,19.0,85.0,64.0,135.0,106.0,241.0,99.0,36.0,-18.0,0.543,0.268,0.753
1631231,James,Akinjo,1,0.0,0.0,0.0,0.0,0.0,0.0,0.0,0.0,0.0,0.0,0.0,0.0,0.0,0.0,0.0,0.0,0.0,0.0,0.0,0.0
1631243,Mouhamed,Gueye,59,873.22,270.0,56.0,28.0,43.0,235.0,104.0,100.0,29.0,53.0,33.0,132.0,70.0,202.0,93.0,30.0,-6.0,0.443,0.29,0.623
1631245,Quenton,Jackson,34,429.39,233.0,58.0,5.0,18.0,157.0,78.0,63.0,26.0,67.0,51.0,39.0,17.0,56.0,43.0,33.0,66.0,0.497,0.413,0.761
1631246,Vince,Williams Jr.,51,834.3100000000001,314.0,172.0,19.0,30.0,301.0,106.0,185.0,58.0,55.0,44.0,114.0,38.0,152.0,85.0,68.0,-22.0,0.352,0.314,0.8
1631247,Luke,Travers,23,144.6,50.0,14.0,5.0,8.0,51.0,16.0,22.0,3.0,20.0,15.0,22.0,12.0,34.0,11.0,7.0,-38.0,0.314,0.136,0.75
1631248,Baylor,Scheierman,58,770.01,209.0,61.0,5.0,35.0,177.0,72.0,128.0,47.0,20.0,18.0,125.0,29.0,154.0,78.0,32.0,122.0,0.407,0.367,0.9
1631250,Pete,Nance,36,279.26,137.0,18.0,5.0,11.0,93.0,54.0,57.0,28.0,2.0,1.0,44.0,11.0,55.0,25.0,11.0,58.0,0.581,0.491,0.5
1631255,Karlo,Matkovic,50,589.27,227.0,36.0,32.0,17.0,160.0,96.0,57.0,24.0,19.0,11.0,107.0,39.0,146.0,69.0,22.0,-72.0,0.6,0.421,0.579
1631260,AJ,Green,53,1551.58,567.0,107.0,5.0,27.0,418.0,185.0,376.0,163.0,41.0,34.0,129.0,13.0,142.0,125.0,43.0,20.0,0.443,0.434,0.829
1631262,Jules,Bernard,6,42.37,31.0,4.0,0.0,2.0,19.0,8.0,12.0,4.0,12.0,11.0,3.0,1.0,4.0,9.0,1.0,5.0,0.421,0.333,0.917
1631288,Jamal,Cain,34,169.99,74.0,7.0,2.0,5.0,53.0,24.0,22.0,7.0,25.0,19.0,13.0,9.0,22.0,25.0,8.0,29.0,0.453,0.318,0.76
1631303,Justin,Minaya,1,0.0,0.0,0.0,0.0,0.0,0.0,0.0,0.0,0.0,0.0,0.0,0.0,0.0,0.0,0.0,0.0,0.0,0.0,0.0,0.0
1631311,Lester,Quinones,4,23.57,16.0,3.0,0.0,0.0,11.0,5.0,6.0,1.0,5.0,5.0,6.0,1.0,7.0,1.0,2.0,11.0,0.455,0.167,1.0
1631321,Sidy,Cissoko,54,1174.41,340.0,86.0,17.0,42.0,285.0,113.0,178.0,55.0,82.0,59.0,84.0,53.0,137.0,145.0,61.0,-62.0,0.396,0.309,0.72
1631323,Simone,Fontecchio,60,971.47,483.0,86.0,10.0,30.0,400.0,157.0,277.0,98.0,85.0,71.0,141.0,46.0,187.0,86.0,43.0,95.0,0.392,0.354,0.835
1631338,Mouhamadou,Gueye,3,7.579999999999999,4.0,0.0,0.0,0.0,4.0,2.0,2.0,0.0,2.0,0.0,0.0,2.0,2.0,1.0,1.0,2.0,0.5,0.0,0.0
1631342,Daeqwon,Plowden,20,190.99,58.0,11.0,1.0,4.0,62.0,22.0,37.0,9.0,5.0,5.0,11.0,15.0,26.0,16.0,5.0,-15.0,0.355,0.243,1.0
1631365,Garrison,Brooks,2,6.44,0.0,1.0,0.0,0.0,0.0,0.0,0.0,0.0,0.0,0.0,3.0,0.0,3.0,1.0,1.0,8.0,0.0,0.0,0.0
1631376,Dmytro,Skapintsev,1,7.2,2.0,0.0,0.0,0.0,2.0,0.0,1.0,0.0,4.0,2.0,1.0,0.0,1.0,0.0,0.0,6.0,0.0,0.0,0.5
1631451,Javonte,Cooke,29,102.05,33.0,8.0,0.0,6.0,45.0,12.0,25.0,4.0,6.0,5.0,13.0,7.0,20.0,11.0,11.0,-66.0,0.267,0.16,0.833
1631457,Alex,Morales,3,29.71,15.0,4.0,0.0,2.0,13.0,5.0,7.0,3.0,4.0,2.0,3.0,5.0,8.0,3.0,0.0,14.0,0.385,0.429,0.5
1631466,Nate,Williams,6,78.84,21.0,2.0,2.0,3.0,21.0,8.0,12.0,3.0,2.0,2.0,6.0,5.0,11.0,11.0,7.0,-33.0,0.381,0.25,1.0
1641705,Victor,Wembanyama,46,1278.11,1079.0,131.0,118.0,44.0,715.0,370.0,217.0,80.0,319.0,259.0,407.0,86.0,493.0,118.0,129.0,330.0,0.517,0.369,0.812
1641706,Brandon,Miller,42,1241.45,842.0,140.0,35.0,47.0,683.0,289.0,334.0,120.0,163.0,144.0,142.0,43.0,185.0,112.0,112.0,176.0,0.423,0.359,0.883
1641707,Taylor,Hendricks,51,685.54,251.0,38.0,8.0,21.0,197.0,89.0,103.0,35.0,57.0,38.0,97.0,41.0,138.0,63.0,28.0,-230.0,0.452,0.34,0.667
1641708,Amen,Thompson,57,2002.58,968.0,293.0,33.0,78.0,731.0,371.0,94.0,22.0,258.0,204.0,253.0,155.0,408.0,119.0,137.0,295.0,0.508,0.234,0.791
1641709,Ausar,Thompson,53,1333.08,534.0,142.0,45.0,98.0,428.0,218.0,22.0,6.0,162.0,92.0,202.0,113.0,315.0,152.0,76.0,171.0,0.509,0.273,0.568
1641710,Anthony,Black,57,1720.58,889.0,227.0,39.0,79.0,694.0,316.0,271.0,95.0,216.0,162.0,180.0,42.0,222.0,154.0,123.0,10.0,0.455,0.351,0.75
1641711,Gradey,Dick,61,967.89,416.0,42.0,6.0,39.0,333.0,144.0,171.0,55.0,86.0,73.0,92.0,43.0,135.0,93.0,38.0,61.0,0.432,0.322,0.849
1641712,Rayan,Rupert,60,606.09,150.0,36.0,2.0,33.0,156.0,58.0,74.0,24.0,18.0,10.0,71.0,29.0,100.0,71.0,30.0,-157.0,0.372,0.324,0.556
1641713,GG,Jackson,51,679.84,336.0,41.0,25.0,23.0,262.0,126.0,119.0,41.0,64.0,43.0,110.0,21.0,131.0,60.0,41.0,-10.0,0.481,0.345,0.672
1641715,Cam,Whitmore,28,376.78,210.0,17.0,9.0,16.0,180.0,84.0,59.0,18.0,32.0,24.0,41.0,19.0,60.0,28.0,19.0,-176.0,0.467,0.305,0.75
1641716,Jarace,Walker,58,1361.91,603.0,118.0,20.0,46.0,515.0,208.0,253.0,91.0,124.0,96.0,228.0,29.0,257.0,92.0,98.0,-293.0,0.404,0.36,0.774
1641717,Cason,Wallace,58,1517.48,468.0,141.0,17.0,117.0,432.0,178.0,227.0,76.0,48.0,36.0,135.0,51.0,186.0,111.0,56.0,353.0,0.412,0.335,0.75
1641718,Keyonte,George,55,1730.47,1198.0,334.0,15.0,55.0,823.0,379.0,339.0,127.0,351.0,313.0,176.0,23.0,199.0,124.0,167.0,-324.0,0.461,0.375,0.892
1641722,Jordan,Hawkins,60,560.69,209.0,30.0,7.0,10.0,212.0,74.0,119.0,36.0,29.0,25.0,51.0,19.0,70.0,24.0,27.0,-72.0,0.349,0.303,0.862
1641723,Kobe,Bufkin,18,91.47999999999999,33.0,4.0,3.0,3.0,33.0,10.0,20.0,6.0,9.0,7.0,11.0,1.0,12.0,6.0,10.0,-16.0,0.303,0.3,0.778
1641724,Jett,Howard,55,407.85,191.0,34.0,6.0,9.0,161.0,64.0,102.0,37.0,28.0,26.0,38.0,12.0,50.0,41.0,13.0,11.0,0.398,0.363,0.929
1641725,Trey,Alexander,20,70.57,23.0,7.0,2.0,1.0,15.0,8.0,3.0,2.0,6.0,5.0,7.0,0.0,7.0,8.0,2.0,14.0,0.533,0.667,0.833
1641726,Dereck,Lively II,12,183.14000000000001,58.0,19.0,17.0,8.0,36.0,24.0,1.0,0.0,13.0,10.0,43.0,21.0,64.0,25.0,11.0,26.0,0.667,0.0,0.769
1641727,Dariq,Whitehead,3,13.129999999999999,2.0,1.0,0.0,0.0,3.0,1.0,2.0,0.0,0.0,0.0,0.0,0.0,0.0,0.0,2.0,4.0,0.333,0.0,0.0
1641729,Brice,Sensabaugh,58,1244.87,743.0,85.0,6.0,39.0,558.0,256.0,306.0,108.0,144.0,123.0,128.0,39.0,167.0,105.0,71.0,-243.0,0.459,0.353,0.854
1641730,Noah,Clowney,53,1392.1200000000001,647.0,87.0,38.0,37.0,504.0,199.0,320.0,105.0,182.0,144.0,159.0,53.0,212.0,133.0,85.0,-112.0,0.395,0.328,0.791
1641731,Bilal,Coulibaly,36,878.01,322.0,83.0,30.0,47.0,269.0,106.0,111.0,29.0,106.0,81.0,117.0,29.0,146.0,89.0,50.0,-215.0,0.394,0.261,0.764
1641732,Colby,Jones,9,20.1,14.0,3.0,0.0,4.0,8.0,5.0,5.0,3.0,2.0,1.0,6.0,1.0,7.0,1.0,3.0,15.0,0.625,0.6,0.5
1641733,Nick,Smith Jr.,38,392.99,184.0,35.0,4.0,9.0,169.0,70.0,86.0,32.0,19.0,12.0,26.0,3.0,29.0,33.0,24.0,-62.0,0.414,0.372,0.632
1641734,Emoni,Bates,2,8.26,0.0,0.0,0.0,0.0,2.0,0.0,2.0,0.0,0.0,0.0,0.0,0.0,0.0,1.0,1.0,-9.0,0.0,0.0,0.0
1641736,Reece,Beekman,4,27.009999999999998,11.0,9.0,1.0,0.0,6.0,4.0,0.0,0.0,3.0,3.0,1.0,2.0,3.0,2.0,5.0,20.0,0.667,0.0,1.0
1641737,Adem,Bona,53,792.76,204.0,11.0,63.0,18.0,133.0,77.0,5.0,2.0,72.0,48.0,101.0,91.0,192.0,107.0,37.0,-42.0,0.579,0.4,0.667
1641738,Kobe,Brown,56,390.38,128.0,35.0,2.0,13.0,111.0,43.0,61.0,17.0,32.0,25.0,59.0,27.0,86.0,28.0,20.0,-77.0,0.387,0.279,0.781
1641739,Toumani,Camara,60,1896.9,751.0,148.0,27.0,58.0,608.0,267.0,406.0,151.0,96.0,66.0,208.0,98.0,306.0,184.0,112.0,-16.0,0.439,0.372,0.688
1641740,Jaylen,Clark,59,762.58,220.0,34.0,9.0,41.0,184.0,77.0,80.0,23.0,65.0,43.0,57.0,50.0,107.0,79.0,20.0,70.0,0.418,0.288,0.662
1641744,Zach,Edey,16,281.11,150.0,12.0,21.0,7.0,98.0,62.0,5.0,1.0,32.0,25.0,79.0,43.0,122.0,37.0,26.0,113.0,0.633,0.2,0.781
1641745,Adam,Flagler,3,45.64,21.0,9.0,0.0,2.0,18.0,8.0,11.0,4.0,2.0,1.0,1.0,2.0,3.0,4.0,2.0,4.0,0.444,0.364,0.5
1641747,DaRon,Holmes II,37,207.62,71.0,18.0,4.0,0.0,52.0,23.0,41.0,17.0,10.0,8.0,25.0,7.0,32.0,19.0,6.0,-27.0,0.442,0.415,0.8
1641748,Andre,Jackson Jr.,57,205.72,49.0,26.0,2.0,11.0,54.0,15.0,31.0,6.0,16.0,13.0,23.0,10.0,33.0,32.0,12.0,-9.0,0.278,0.194,0.812
1641750,Ryan,Kalkbrenner,48,1072.29,400.0,32.0,68.0,29.0,225.0,171.0,2.0,0.0,88.0,58.0,169.0,120.0,289.0,83.0,50.0,-40.0,0.76,0.0,0.659
1641752,Bobi,Klintman,26,111.22,34.0,8.0,0.0,3.0,41.0,14.0,23.0,6.0,4.0,0.0,21.0,7.0,28.0,17.0,13.0,-13.0,0.341,0.261,0.0
1641753,Chris,Livingston,10,35.589999999999996,26.0,2.0,0.0,1.0,12.0,8.0,3.0,0.0,11.0,10.0,5.0,2.0,7.0,5.0,3.0,21.0,0.667,0.0,0.909
1641755,Kevin,McCullar Jr.,24,167.67,52.0,26.0,1.0,11.0,52.0,19.0,25.0,8.0,12.0,6.0,18.0,15.0,33.0,25.0,14.0,-60.0,0.365,0.32,0.5
1641757,Jordan,Miller,39,701.53,331.0,57.0,5.0,25.0,224.0,114.0,80.0,29.0,94.0,74.0,85.0,35.0,120.0,35.0,41.0,21.0,0.509,0.362,0.787
1641761,Grant,Nelson,1,0.0,0.0,0.0,0.0,0.0,0.0,0.0,0.0,0.0,0.0,0.0,0.0,0.0,0.0,0.0,0.0,0.0,0.0,0.0,0.0
1641763,Julian,Phillips,57,367.1,122.0,8.0,7.0,19.0,103.0,44.0,56.0,17.0,19.0,17.0,27.0,23.0,50.0,37.0,8.0,-11.0,0.427,0.304,0.895
1641764,Brandin,Podziemski,60,1571.69,706.0,214.0,10.0,66.0,561.0,251.0,268.0,99.0,137.0,105.0,224.0,42.0,266.0,105.0,96.0,66.0,0.447,0.369,0.766
1641765,Olivier-Maxence,Prosper,43,456.89,211.0,27.0,8.0,12.0,146.0,68.0,65.0,24.0,62.0,51.0,67.0,29.0,96.0,31.0,26.0,-82.0,0.466,0.369,0.823
1641767,Ben,Sheppard,45,942.38,289.0,81.0,5.0,22.0,256.0,103.0,162.0,56.0,35.0,27.0,114.0,25.0,139.0,77.0,25.0,-204.0,0.402,0.346,0.771
1641771,Jalen,Slawson,4,65.86,11.0,5.0,2.0,2.0,14.0,3.0,10.0,3.0,2.0,2.0,12.0,2.0,14.0,12.0,5.0,-41.0,0.214,0.3,1.0
1641772,Nae'Qwan,Tomlin,55,802.93,312.0,43.0,28.0,38.0,262.0,124.0,100.0,23.0,55.0,41.0,81.0,65.0,146.0,102.0,18.0,22.0,0.473,0.23,0.745
1641774,Tristan,Vukcevic,44,428.54,280.0,40.0,23.0,11.0,198.0,95.0,80.0,24.0,83.0,66.0,65.0,25.0,90.0,49.0,45.0,-180.0,0.48,0.3,0.795
1641775,Jordan,Walsh,57,892.5600000000001,275.0,43.0,23.0,42.0,203.0,104.0,88.0,32.0,45.0,35.0,141.0,71.0,212.0,108.0,26.0,94.0,0.512,0.364,0.778
1641777,Charles,Bediako,4,5.04,0.0,0.0,0.0,0.0,0.0,0.0,0.0,0.0,0.0,0.0,1.0,1.0,2.0,0.0,1.0,-6.0,0.0,0.0,0.0
1641778,Leaky,Black,1,0.0,0.0,0.0,0.0,0.0,0.0,0.0,0.0,0.0,0.0,0.0,0.0,0.0,0.0,0.0,0.0,0.0,0.0,0.0,0.0
1641779,Jalen,Bridges,4,21.57,7.0,2.0,0.0,0.0,11.0,3.0,8.0,1.0,0.0,0.0,1.0,3.0,4.0,2.0,1.0,-12.0,0.273,0.125,0.0
1641780,Johni,Broome,34,101.69999999999999,27.0,4.0,4.0,8.0,43.0,12.0,13.0,0.0,8.0,3.0,15.0,10.0,25.0,14.0,4.0,-34.0,0.279,0.0,0.375
1641783,Tristan,da Silva,54,1118.81,453.0,65.0,14.0,42.0,392.0,170.0,204.0,75.0,45.0,38.0,134.0,35.0,169.0,66.0,44.0,18.0,0.434,0.368,0.844
1641787,Tosan,Evbuomwan,18,39.69,17.0,4.0,1.0,1.0,9.0,7.0,4.0,3.0,4.0,0.0,6.0,2.0,8.0,3.0,3.0,16.0,0.778,0.75,0.0
1641789,Jazian,Gortman,4,64.09,39.0,8.0,0.0,3.0,34.0,17.0,9.0,3.0,2.0,2.0,7.0,0.0,7.0,11.0,7.0,-3.0,0.5,0.333,1.0
1641790,PJ,Hall,28,231.9,113.0,9.0,11.0,7.0,75.0,40.0,10.0,6.0,36.0,27.0,48.0,36.0,84.0,35.0,17.0,-35.0,0.533,0.6,0.75
1641794,Dillon,Jones,9,52.94,13.0,5.0,1.0,6.0,12.0,3.0,5.0,1.0,6.0,6.0,12.0,2.0,14.0,9.0,2.0,17.0,0.25,0.2,1.0
1641795,Taevion,Kinsey,4,12.22,0.0,1.0,0.0,0.0,1.0,0.0,0.0,0.0,0.0,0.0,0.0,2.0,2.0,1.0,0.0,9.0,0.0,0.0,0.0
1641796,Pelle,Larsson,55,1139.15,487.0,157.0,10.0,32.0,356.0,172.0,140.0,46.0,127.0,97.0,120.0,37.0,157.0,95.0,57.0,10.0,0.483,0.329,0.764
1641801,Emanuel,Miller,14,50.57,22.0,4.0,1.0,2.0,19.0,9.0,8.0,2.0,6.0,2.0,4.0,2.0,6.0,5.0,0.0,-17.0,0.474,0.25,0.333
1641803,Tristen,Newton,7,75.36,28.0,12.0,0.0,4.0,21.0,8.0,9.0,3.0,12.0,9.0,5.0,3.0,8.0,0.0,8.0,32.0,0.381,0.333,0.75
1641807,Norchad,Omier,4,7.13,6.0,0.0,0.0,0.0,2.0,2.0,0.0,0.0,5.0,2.0,2.0,2.0,4.0,1.0,0.0,4.0,1.0,0.0,0.4
1641809,Drew,Peterson,12,83.66,12.0,4.0,1.0,4.0,25.0,5.0,19.0,1.0,2.0,1.0,9.0,4.0,13.0,6.0,1.0,-12.0,0.2,0.053,0.5
1641810,Antonio,Reeves,16,74.53999999999999,25.0,3.0,0.0,1.0,21.0,10.0,11.0,5.0,0.0,0.0,6.0,1.0,7.0,5.0,2.0,12.0,0.476,0.455,0.0
1641813,Mark,Sears,22,43.23,34.0,5.0,0.0,1.0,19.0,10.0,10.0,5.0,11.0,9.0,3.0,1.0,4.0,6.0,4.0,23.0,0.526,0.5,0.818
1641815,Isaiah,Stevens,10,63.68,24.0,15.0,1.0,5.0,15.0,9.0,3.0,1.0,6.0,5.0,2.0,2.0,4.0,5.0,5.0,0.0,0.6,0.333,0.833
1641816,Hunter,Tyson,57,204.43,60.0,23.0,1.0,4.0,69.0,19.0,43.0,10.0,15.0,12.0,36.0,8.0,44.0,16.0,8.0,-31.0,0.275,0.233,0.8
1641817,Anton,Watson,6,34.06,5.0,4.0,0.0,2.0,3.0,1.0,3.0,1.0,2.0,2.0,5.0,0.0,5.0,3.0,2.0,-10.0,0.333,0.333,1.0
1641824,Matas,Buzelis,62,1673.3600000000001,932.0,119.0,90.0,39.0,695.0,334.0,337.0,125.0,179.0,139.0,252.0,64.0,316.0,141.0,114.0,-149.0,0.481,0.371,0.777
1641831,Malique,Lewis,1,31.54,8.0,4.0,1.0,0.0,9.0,3.0,6.0,2.0,2.0,0.0,3.0,2.0,5.0,4.0,2.0,-28.0,0.333,0.333,0.0
1641842,Ronald,Holland II,53,1087.96,429.0,80.0,20.0,70.0,375.0,156.0,140.0,33.0,109.0,84.0,167.0,56.0,223.0,117.0,77.0,168.0,0.416,0.236,0.771
1641854,Craig,Porter Jr.,56,945.97,258.0,165.0,31.0,57.0,228.0,104.0,83.0,32.0,36.0,18.0,112.0,73.0,185.0,66.0,50.0,53.0,0.456,0.386,0.5
1641871,Duop,Reath,53,272.45,105.0,11.0,9.0,5.0,85.0,38.0,58.0,24.0,7.0,5.0,30.0,12.0,42.0,32.0,8.0,-53.0,0.447,0.414,0.714
1641878,Damion,Baugh,4,0.0,0.0,0.0,0.0,0.0,0.0,0.0,0.0,0.0,0.0,0.0,0.0,0.0,0.0,0.0,0.0,0.0,0.0,0.0,0.0
1641890,Tyler,Smith,5,19.93,3.0,1.0,0.0,1.0,7.0,1.0,3.0,0.0,2.0,1.0,1.0,0.0,1.0,4.0,1.0,17.0,0.143,0.0,0.5
1641926,Dexter,Dennis,1,0.0,0.0,0.0,0.0,0.0,0.0,0.0,0.0,0.0,0.0,0.0,0.0,0.0,0.0,0.0,0.0,0.0,0.0,0.0,0.0
1641989,Elijah,Harkless,25,101.8,35.0,6.0,0.0,7.0,19.0,8.0,10.0,3.0,19.0,16.0,5.0,2.0,7.0,15.0,3.0,17.0,0.421,0.3,0.842
1641998,Trey,Jemison III,24,115.15,33.0,7.0,4.0,1.0,23.0,14.0,0.0,0.0,8.0,5.0,22.0,12.0,34.0,21.0,8.0,12.0,0.609,0.0,0.625
1642013,Malik,Williams,3,0.0,0.0,0.0,0.0,0.0,0.0,0.0,0.0,0.0,0.0,0.0,0.0,0.0,0.0,0.0,0.0,0.0,0.0,0.0,0.0
1642046,Miller,Kopp,3,13.620000000000001,12.0,0.0,0.0,1.0,5.0,3.0,4.0,2.0,4.0,4.0,2.0,1.0,3.0,2.0,0.0,-2.0,0.6,0.5,1.0
1642050,Jackson,Rowe,7,39.84,14.0,2.0,1.0,1.0,7.0,6.0,2.0,1.0,2.0,1.0,8.0,2.0,10.0,5.0,6.0,2.0,0.857,0.5,0.5
1642066,Myron,Gardner,43,345.94,144.0,31.0,10.0,16.0,119.0,53.0,56.0,21.0,27.0,17.0,67.0,37.0,104.0,67.0,14.0,12.0,0.445,0.375,0.63
1642104,Hunter,Maldonado,1,22.55,4.0,2.0,1.0,0.0,10.0,2.0,4.0,0.0,0.0,0.0,5.0,0.0,5.0,2.0,1.0,-11.0,0.2,0.0,0.0
1642258,Zaccharie,Risacher,56,1083.39,492.0,63.0,23.0,43.0,423.0,191.0,197.0,69.0,64.0,41.0,117.0,40.0,157.0,97.0,42.0,-60.0,0.452,0.35,0.641
1642259,Alex,Sarr,46,1187.31,726.0,117.0,86.0,35.0,588.0,291.0,123.0,41.0,146.0,103.0,237.0,99.0,336.0,87.0,74.0,-269.0,0.495,0.333,0.705
1642260,Nikola,Topic,2,43.49,12.0,8.0,0.0,1.0,12.0,5.0,5.0,0.0,2.0,2.0,3.0,2.0,5.0,2.0,6.0,-4.0,0.417,0.0,1.0
1642261,Dalton,Knecht,60,634.38,248.0,28.0,11.0,10.0,220.0,92.0,132.0,38.0,37.0,26.0,74.0,16.0,90.0,49.0,24.0,-94.0,0.418,0.288,0.703
1642262,Cody,Williams,56,877.4,275.0,42.0,20.0,29.0,247.0,116.0,76.0,18.0,38.0,25.0,66.0,38.0,104.0,82.0,26.0,-169.0,0.47,0.237,0.658
1642263,Reed,Sheppard,59,1409.99,743.0,172.0,36.0,84.0,634.0,275.0,364.0,143.0,64.0,50.0,133.0,21.0,154.0,108.0,81.0,170.0,0.434,0.393,0.781
1642264,Stephon,Castle,50,1415.98,783.0,338.0,17.0,63.0,583.0,268.0,173.0,50.0,273.0,197.0,176.0,61.0,237.0,157.0,156.0,156.0,0.46,0.289,0.722
1642265,Rob,Dillingham,60,534.6800000000001,225.0,109.0,3.0,30.0,234.0,89.0,56.0,21.0,35.0,26.0,52.0,10.0,62.0,56.0,58.0,-70.0,0.38,0.375,0.743
1642266,Ja'Kobe,Walter,53,928.86,323.0,61.0,9.0,47.0,263.0,109.0,162.0,55.0,62.0,50.0,74.0,38.0,112.0,104.0,30.0,-81.0,0.414,0.34,0.806
1642267,Bub,Carrington,57,1518.93,552.0,251.0,12.0,33.0,477.0,191.0,287.0,112.0,78.0,58.0,169.0,23.0,192.0,123.0,132.0,-495.0,0.4,0.39,0.744
1642268,Isaiah,Collier,53,1216.73,499.0,356.0,14.0,48.0,365.0,186.0,75.0,22.0,152.0,105.0,106.0,19.0,125.0,115.0,120.0,-326.0,0.51,0.293,0.691
1642269,Devin,Carter,52,321.98,142.0,46.0,5.0,16.0,135.0,52.0,58.0,10.0,35.0,28.0,39.0,14.0,53.0,25.0,24.0,-28.0,0.385,0.172,0.8
1642270,Donovan,Clingan,61,1517.11,649.0,111.0,82.0,27.0,480.0,251.0,169.0,56.0,141.0,91.0,369.0,267.0,636.0,136.0,58.0,-4.0,0.523,0.331,0.645
1642271,Kyle,Filipowski,58,1243.6399999999999,545.0,113.0,22.0,48.0,418.0,200.0,143.0,47.0,138.0,98.0,273.0,98.0,371.0,163.0,78.0,-152.0,0.478,0.329,0.71
1642272,Jared,McCain,46,685.21,282.0,66.0,2.0,24.0,260.0,102.0,133.0,51.0,31.0,27.0,77.0,10.0,87.0,48.0,36.0,89.0,0.392,0.383,0.871
1642273,Kyshawn,George,49,1369.74,698.0,219.0,43.0,47.0,566.0,250.0,255.0,93.0,133.0,105.0,207.0,48.0,255.0,169.0,123.0,-289.0,0.442,0.365,0.789
1642274,Yves,Missi,54,981.05,295.0,61.0,72.0,16.0,234.0,129.0,1.0,0.0,65.0,37.0,146.0,150.0,296.0,90.0,39.0,39.0,0.551,0.0,0.569
1642275,Tidjane,Salaun,45,610.75,228.0,31.0,10.0,15.0,177.0,83.0,92.0,36.0,39.0,26.0,137.0,35.0,172.0,64.0,36.0,27.0,0.469,0.391,0.667
1642276,Kel'el,Ware,60,1303.58,703.0,33.0,58.0,46.0,534.0,281.0,172.0,69.0,91.0,72.0,378.0,174.0,552.0,94.0,55.0,-108.0,0.526,0.401,0.791
1642277,Johnny,Furphy,37,666.22,200.0,42.0,8.0,21.0,161.0,76.0,76.0,24.0,43.0,24.0,125.0,34.0,159.0,68.0,33.0,-52.0,0.472,0.316,0.558
1642278,Tyler,Kolek,61,720.33,287.0,158.0,3.0,23.0,269.0,113.0,118.0,40.0,27.0,21.0,88.0,16.0,104.0,70.0,54.0,110.0,0.42,0.339,0.778
1642279,Ulrich,Chomche,4,0.0,0.0,0.0,0.0,0.0,0.0,0.0,0.0,0.0,0.0,0.0,0.0,0.0,0.0,0.0,0.0,0.0,0.0,0.0,0.0
1642280,Trentyn,Flowers,6,22.61,14.0,1.0,1.0,0.0,8.0,6.0,2.0,1.0,1.0,1.0,3.0,1.0,4.0,4.0,1.0,-4.0,0.75,0.5,1.0
1642281,Jaylon,Tyson,55,1480.57,735.0,129.0,23.0,47.0,550.0,278.0,240.0,111.0,92.0,68.0,178.0,110.0,288.0,142.0,86.0,62.0,0.505,0.462,0.739
1642282,Hunter,Sallis,16,89.31,24.0,8.0,1.0,1.0,23.0,9.0,4.0,0.0,7.0,6.0,7.0,1.0,8.0,11.0,12.0,-61.0,0.391,0.0,0.857
1642285,Cam,Spencer,58,1305.2,647.0,305.0,5.0,41.0,439.0,208.0,269.0,121.0,119.0,110.0,116.0,32.0,148.0,77.0,77.0,-3.0,0.474,0.45,0.924
1642345,Oso,Ighodaro,59,1159.1200000000001,334.0,105.0,36.0,54.0,232.0,147.0,1.0,0.0,84.0,40.0,178.0,89.0,267.0,149.0,73.0,111.0,0.634,0.0,0.476
1642346,Ryan,Dunn,52,986.04,306.0,80.0,22.0,44.0,278.0,123.0,125.0,40.0,34.0,20.0,139.0,73.0,212.0,113.0,46.0,36.0,0.442,0.32,0.588
1642347,Jamal,Shead,61,1312.26,411.0,325.0,10.0,59.0,381.0,139.0,204.0,66.0,87.0,67.0,95.0,19.0,114.0,129.0,88.0,108.0,0.365,0.324,0.77
1642348,Justin,Edwards,57,667.43,203.0,53.0,10.0,32.0,197.0,71.0,128.0,39.0,25.0,22.0,57.0,22.0,79.0,74.0,36.0,-153.0,0.36,0.305,0.88
1642349,Ajay,Mitchell,46,1135.85,622.0,160.0,15.0,63.0,464.0,228.0,138.0,48.0,136.0,118.0,121.0,29.0,150.0,94.0,70.0,399.0,0.491,0.348,0.868
1642352,Keshad,Johnson,58,276.13,97.0,19.0,6.0,7.0,82.0,33.0,29.0,7.0,38.0,24.0,37.0,25.0,62.0,28.0,20.0,24.0,0.402,0.241,0.632
1642353,Cam,Christie,58,397.65999999999997,152.0,26.0,3.0,11.0,122.0,51.0,47.0,13.0,48.0,37.0,51.0,12.0,63.0,19.0,16.0,18.0,0.418,0.277,0.771
1642354,KJ,Simpson,19,275.93,111.0,42.0,1.0,17.0,117.0,39.0,51.0,16.0,24.0,17.0,27.0,6.0,33.0,17.0,28.0,-36.0,0.333,0.314,0.708
1642355,Bronny,James,53,288.64,90.0,43.0,4.0,13.0,88.0,31.0,40.0,13.0,18.0,15.0,21.0,7.0,28.0,23.0,22.0,-36.0,0.352,0.325,0.833
1642357,David,Jones Garcia,28,126.09,67.0,30.0,3.0,12.0,60.0,25.0,15.0,3.0,19.0,14.0,17.0,8.0,25.0,10.0,14.0,76.0,0.417,0.2,0.737
1642358,AJ,Johnson,47,218.93,70.0,23.0,0.0,7.0,88.0,27.0,27.0,7.0,12.0,9.0,24.0,8.0,32.0,15.0,18.0,-12.0,0.307,0.259,0.75
1642359,Pacome,Dadiet,47,126.36,30.0,11.0,0.0,3.0,32.0,8.0,23.0,4.0,11.0,10.0,19.0,6.0,25.0,8.0,5.0,-11.0,0.25,0.174,0.909
1642363,Nique,Clifford,56,1197.29,399.0,104.0,18.0,40.0,369.0,149.0,155.0,49.0,69.0,52.0,130.0,46.0,176.0,116.0,72.0,-183.0,0.404,0.316,0.754
1642364,Jamir,Watkins,33,518.6,146.0,22.0,15.0,22.0,127.0,51.0,68.0,16.0,43.0,28.0,78.0,28.0,106.0,69.0,19.0,-129.0,0.402,0.235,0.651
1642365,Nikola,urisic,5,23.660000000000004,15.0,3.0,1.0,0.0,8.0,4.0,3.0,2.0,5.0,5.0,3.0,0.0,3.0,1.0,1.0,8.0,0.5,0.667,1.0
1642366,Quinten,Post,60,1018.5600000000001,477.0,81.0,29.0,26.0,401.0,175.0,265.0,94.0,39.0,33.0,170.0,57.0,227.0,119.0,50.0,125.0,0.436,0.355,0.846
1642367,Jonathan,Mogbo,50,206.52,57.0,15.0,5.0,8.0,51.0,27.0,0.0,0.0,7.0,3.0,33.0,22.0,55.0,27.0,18.0,-6.0,0.529,0.0,0.429
1642368,N'Faly,Dante,19,72.71,18.0,2.0,3.0,5.0,17.0,8.0,0.0,0.0,5.0,2.0,21.0,13.0,34.0,12.0,4.0,-15.0,0.471,0.0,0.4
1642377,Jaylen,Wells,60,1514.71,717.0,98.0,6.0,42.0,580.0,245.0,308.0,106.0,157.0,121.0,138.0,53.0,191.0,123.0,66.0,-108.0,0.422,0.344,0.771
1642382,Branden,Carlson,40,414.53999999999996,197.0,22.0,18.0,7.0,151.0,77.0,74.0,26.0,28.0,17.0,80.0,25.0,105.0,34.0,14.0,44.0,0.51,0.351,0.607
1642383,Walter,Clayton Jr.,58,954.81,368.0,174.0,13.0,33.0,313.0,123.0,173.0,49.0,77.0,73.0,92.0,17.0,109.0,89.0,72.0,-140.0,0.393,0.283,0.948
1642384,Isaiah,Crawford,21,73.03,34.0,6.0,2.0,5.0,26.0,14.0,14.0,6.0,0.0,0.0,12.0,3.0,15.0,6.0,1.0,43.0,0.538,0.429,0.0
1642389,Zyon,Pullin,6,52.59,11.0,10.0,0.0,4.0,11.0,4.0,3.0,1.0,2.0,2.0,4.0,0.0,4.0,1.0,3.0,30.0,0.364,0.333,1.0
1642396,Blake,Hinson,2,24.45,11.0,1.0,0.0,0.0,7.0,4.0,6.0,3.0,0.0,0.0,1.0,0.0,1.0,5.0,1.0,0.0,0.571,0.5,0.0
1642398,Sean,East II,2,7.28,2.0,1.0,0.0,0.0,3.0,1.0,0.0,0.0,0.0,0.0,1.0,0.0,1.0,0.0,1.0,-7.0,0.333,0.0,0.0
1642399,Jesse,Edwards,1,25.18,12.0,2.0,0.0,0.0,8.0,5.0,0.0,0.0,2.0,2.0,4.0,3.0,7.0,5.0,2.0,1.0,0.625,0.0,1.0
1642400,Tristan,Enaruna,9,37.36,16.0,2.0,1.0,0.0,16.0,6.0,6.0,0.0,7.0,4.0,1.0,6.0,7.0,2.0,3.0,4.0,0.375,0.0,0.571
1642402,Enrique,Freeman,12,66.16,23.0,1.0,1.0,0.0,12.0,7.0,10.0,6.0,4.0,3.0,15.0,2.0,17.0,9.0,2.0,21.0,0.583,0.6,0.75
1642403,Isaac,Jones,18,67.19,24.0,3.0,1.0,0.0,15.0,9.0,7.0,2.0,7.0,4.0,5.0,6.0,11.0,10.0,5.0,-49.0,0.6,0.286,0.571
1642404,Chaz,Lanier,46,251.79,92.0,19.0,2.0,8.0,83.0,32.0,67.0,23.0,7.0,5.0,14.0,9.0,23.0,13.0,2.0,35.0,0.386,0.343,0.714
1642419,Jamison,Battle,58,381.43,150.0,19.0,2.0,7.0,116.0,57.0,71.0,30.0,9.0,6.0,48.0,14.0,62.0,37.0,15.0,72.0,0.491,0.423,0.667
1642434,Riley,Minix,16,54.34,20.0,9.0,0.0,2.0,20.0,8.0,14.0,4.0,0.0,0.0,5.0,6.0,11.0,8.0,4.0,21.0,0.4,0.286,0.0
1642440,Gabe,McGlothan,5,74.65,17.0,5.0,0.0,3.0,27.0,7.0,15.0,3.0,0.0,0.0,9.0,6.0,15.0,7.0,4.0,-45.0,0.259,0.2,0.0
1642443,Jahmir,Young,30,122.86,56.0,15.0,1.0,7.0,52.0,21.0,18.0,7.0,7.0,7.0,7.0,3.0,10.0,9.0,10.0,-32.0,0.404,0.389,1.0
1642449,Tolu,Smith,22,111.06,51.0,10.0,7.0,4.0,32.0,17.0,0.0,0.0,28.0,17.0,31.0,21.0,52.0,19.0,9.0,-10.0,0.531,0.0,0.607
1642450,Daniss,Jenkins,56,825.34,401.0,156.0,7.0,45.0,328.0,142.0,122.0,48.0,87.0,69.0,61.0,28.0,89.0,70.0,68.0,119.0,0.433,0.393,0.793
1642461,Spencer,Jones,55,1131.55,274.0,39.0,20.0,48.0,200.0,99.0,119.0,48.0,45.0,28.0,97.0,53.0,150.0,138.0,26.0,-34.0,0.495,0.403,0.622
1642468,Darius,Brown,1,0.0,0.0,0.0,0.0,0.0,0.0,0.0,0.0,0.0,0.0,0.0,0.0,0.0,0.0,0.0,0.0,0.0,0.0,0.0,0.0
1642484,RayJ,Dennis,29,224.84,94.0,41.0,5.0,5.0,101.0,31.0,57.0,18.0,18.0,14.0,19.0,9.0,28.0,21.0,24.0,-64.0,0.307,0.316,0.778
1642485,DJ,Rodman,1,0.0,0.0,0.0,0.0,0.0,0.0,0.0,0.0,0.0,0.0,0.0,0.0,0.0,0.0,0.0,0.0,0.0,0.0,0.0,0.0
1642487,Tyrese,Samuel,4,0.0,0.0,0.0,0.0,0.0,0.0,0.0,0.0,0.0,0.0,0.0,0.0,0.0,0.0,0.0,0.0,0.0,0.0,0.0,0.0
1642488,Tyson,Walker,1,24.16,6.0,5.0,0.0,4.0,11.0,2.0,6.0,1.0,2.0,1.0,5.0,1.0,6.0,1.0,4.0,-6.0,0.182,0.167,0.5
1642502,Malevy,Leons,14,135.87,52.0,5.0,5.0,9.0,37.0,17.0,16.0,8.0,11.0,10.0,25.0,11.0,36.0,17.0,13.0,-12.0,0.459,0.5,0.909
1642504,Cormac,Ryan,3,7.77,10.0,0.0,0.0,2.0,2.0,1.0,2.0,1.0,8.0,7.0,1.0,1.0,2.0,2.0,0.0,10.0,0.5,0.5,0.875
1642530,Yuki,Kawamura,8,97.05,26.0,30.0,0.0,6.0,23.0,6.0,17.0,5.0,10.0,9.0,18.0,6.0,24.0,8.0,7.0,-9.0,0.261,0.294,0.9
1642843,Cooper,Flagg,53,1744.46,1044.0,213.0,42.0,63.0,828.0,396.0,185.0,56.0,241.0,196.0,281.0,58.0,339.0,111.0,113.0,-150.0,0.478,0.303,0.813
1642844,Dylan,Harper,49,1032.3,527.0,173.0,15.0,40.0,453.0,211.0,125.0,36.0,93.0,69.0,127.0,33.0,160.0,88.0,65.0,203.0,0.466,0.288,0.742
1642845,VJ,Edgecombe,55,1866.7,817.0,218.0,26.0,81.0,706.0,301.0,307.0,107.0,133.0,108.0,204.0,87.0,291.0,159.0,96.0,48.0,0.426,0.349,0.812
1642846,Ace,Bailey,56,1373.66,626.0,90.0,24.0,44.0,557.0,255.0,231.0,79.0,51.0,37.0,124.0,83.0,207.0,133.0,67.0,-315.0,0.458,0.342,0.725
1642847,Jeremiah,Fears,62,1526.89,806.0,185.0,18.0,73.0,716.0,307.0,203.0,65.0,156.0,127.0,179.0,45.0,224.0,109.0,137.0,-252.0,0.429,0.32,0.814
1642848,Tre,Johnson,47,1062.4,543.0,92.0,14.0,27.0,455.0,197.0,233.0,89.0,67.0,60.0,97.0,27.0,124.0,79.0,61.0,-132.0,0.433,0.382,0.896
1642849,Nolan,Traore,40,701.6,249.0,116.0,11.0,14.0,226.0,91.0,95.0,31.0,47.0,36.0,47.0,8.0,55.0,70.0,62.0,-95.0,0.403,0.326,0.766
1642851,Kon,Knueppel,60,1852.32,1084.0,206.0,13.0,40.0,781.0,374.0,462.0,193.0,158.0,143.0,246.0,71.0,317.0,121.0,129.0,73.0,0.479,0.418,0.905
1642852,Derik,Queen,59,1434.85,676.0,233.0,51.0,57.0,534.0,260.0,57.0,15.0,181.0,141.0,314.0,90.0,404.0,156.0,132.0,-224.0,0.487,0.263,0.779
1642853,Rasheer,Fleming,57,269.58,94.0,8.0,11.0,9.0,100.0,35.0,59.0,15.0,13.0,9.0,23.0,25.0,48.0,30.0,11.0,-31.0,0.35,0.254,0.692
1642854,Asa,Newell,57,509.6,229.0,24.0,18.0,17.0,174.0,90.0,78.0,28.0,37.0,21.0,55.0,43.0,98.0,70.0,22.0,-48.0,0.517,0.359,0.568
1642855,Noa,Essengue,19,73.88,19.0,5.0,0.0,4.0,21.0,6.0,11.0,1.0,11.0,6.0,4.0,5.0,9.0,10.0,4.0,24.0,0.286,0.091,0.545
1642856,Egor,Demin,53,1172.42,514.0,155.0,16.0,38.0,416.0,170.0,299.0,118.0,65.0,56.0,130.0,23.0,153.0,85.0,85.0,-106.0,0.409,0.395,0.862
1642857,Kasparas,Jakucionis,45,516.28,173.0,81.0,3.0,21.0,135.0,53.0,87.0,38.0,32.0,29.0,46.0,24.0,70.0,57.0,31.0,8.0,0.393,0.437,0.906
1642859,Jase,Richardson,57,536.65,236.0,56.0,3.0,14.0,185.0,86.0,80.0,33.0,42.0,31.0,38.0,25.0,63.0,51.0,24.0,25.0,0.465,0.412,0.738
1642860,Will,Riley,54,798.12,338.0,70.0,6.0,27.0,292.0,121.0,114.0,37.0,75.0,59.0,68.0,38.0,106.0,43.0,41.0,-205.0,0.414,0.325,0.787
1642862,Liam,McNeeley,36,430.32,147.0,32.0,3.0,9.0,115.0,44.0,72.0,24.0,41.0,35.0,58.0,14.0,72.0,37.0,18.0,34.0,0.383,0.333,0.854
1642863,Khaman,Maluach,59,174.69,69.0,7.0,11.0,5.0,46.0,26.0,9.0,1.0,22.0,16.0,32.0,15.0,47.0,28.0,15.0,-34.0,0.565,0.111,0.727
1642864,Hugo,Gonzalez,58,798.72,207.0,31.0,16.0,30.0,180.0,84.0,84.0,28.0,23.0,11.0,128.0,46.0,174.0,98.0,35.0,237.0,0.467,0.333,0.478
1642866,Joan,Beringer,55,297.71,129.0,10.0,20.0,5.0,89.0,58.0,0.0,0.0,23.0,13.0,41.0,44.0,85.0,40.0,11.0,41.0,0.652,0.0,0.565
1642867,Collin,Murray-Boyles,51,992.46,359.0,97.0,40.0,39.0,276.0,150.0,53.0,17.0,64.0,42.0,115.0,110.0,225.0,118.0,50.0,2.0,0.543,0.321,0.656
1642868,Carter,Bryant,62,499.79,199.0,22.0,12.0,13.0,184.0,71.0,99.0,32.0,36.0,25.0,76.0,27.0,103.0,54.0,21.0,11.0,0.386,0.323,0.694
1642869,Noah,Penda,55,564.39,205.0,45.0,15.0,27.0,173.0,74.0,73.0,26.0,47.0,31.0,94.0,60.0,154.0,55.0,36.0,8.0,0.428,0.356,0.66
1642873,Amari,Williams,28,125.66,28.0,8.0,9.0,3.0,17.0,8.0,0.0,0.0,18.0,12.0,27.0,9.0,36.0,17.0,10.0,-45.0,0.471,0.0,0.667
1642874,Danny,Wolf,45,817.23,352.0,89.0,19.0,23.0,307.0,127.0,141.0,48.0,64.0,50.0,150.0,45.0,195.0,83.0,49.0,-105.0,0.414,0.34,0.781
1642875,Maxime,Raynaud,60,1172.06,495.0,53.0,23.0,26.0,378.0,208.0,45.0,12.0,90.0,67.0,246.0,89.0,335.0,123.0,49.0,-270.0,0.55,0.267,0.744
1642876,Adou,Thiero,28,94.55,25.0,5.0,2.0,5.0,20.0,9.0,1.0,0.0,9.0,7.0,11.0,7.0,18.0,15.0,4.0,1.0,0.45,0.0,0.778
1642877,Micah,Peavy,59,763.55,221.0,52.0,8.0,34.0,239.0,93.0,98.0,24.0,15.0,11.0,60.0,42.0,102.0,80.0,20.0,-83.0,0.389,0.245,0.733
1642878,Tyrese,Proctor,57,459.03,231.0,66.0,0.0,17.0,201.0,80.0,126.0,43.0,35.0,28.0,37.0,9.0,46.0,51.0,30.0,-44.0,0.398,0.341,0.8
1642879,Ben,Saraf,29,459.53000000000003,137.0,82.0,4.0,20.0,133.0,47.0,55.0,13.0,41.0,30.0,31.0,11.0,42.0,39.0,50.0,-61.0,0.353,0.236,0.732
1642880,Kam,Jones,27,210.93,55.0,27.0,0.0,4.0,58.0,24.0,25.0,5.0,4.0,2.0,13.0,6.0,19.0,11.0,8.0,-39.0,0.414,0.2,0.5
1642882,Julian,Reese,1,0.0,0.0,0.0,0.0,0.0,0.0,0.0,0.0,0.0,0.0,0.0,0.0,0.0,0.0,0.0,0.0,0.0,0.0,0.0,0.0
1642883,Sion,James,60,1351.13,322.0,111.0,18.0,32.0,260.0,99.0,153.0,55.0,82.0,69.0,166.0,31.0,197.0,104.0,51.0,-51.0,0.381,0.359,0.841
1642884,Vladislav,Goldin,21,30.72,9.0,2.0,2.0,1.0,5.0,4.0,0.0,0.0,2.0,1.0,5.0,1.0,6.0,7.0,2.0,-10.0,0.8,0.0,0.5
1642885,Mohamed,Diawara,61,360.92,139.0,27.0,5.0,13.0,118.0,53.0,70.0,28.0,8.0,5.0,54.0,15.0,69.0,32.0,20.0,29.0,0.449,0.4,0.625
1642886,Koby,Brea,9,43.99,14.0,7.0,0.0,1.0,19.0,5.0,12.0,2.0,2.0,2.0,2.0,1.0,3.0,0.0,1.0,-11.0,0.263,0.167,1.0
1642888,Matthew,Cleveland,1,17.45,7.0,2.0,0.0,0.0,5.0,2.0,2.0,1.0,2.0,2.0,3.0,1.0,4.0,0.0,2.0,-5.0,0.4,0.5,1.0
1642893,Alex,Toohey,3,0.0,0.0,0.0,0.0,0.0,0.0,0.0,0.0,0.0,0.0,0.0,0.0,0.0,0.0,0.0,0.0,0.0,0.0,0.0,0.0
1642905,Hansen,Yang,58,330.51,116.0,25.0,13.0,4.0,115.0,41.0,49.0,10.0,25.0,24.0,50.0,20.0,70.0,61.0,40.0,-81.0,0.357,0.204,0.96
1642907,Cedric,Coward,56,1366.44,689.0,148.0,20.0,34.0,543.0,247.0,235.0,74.0,143.0,121.0,249.0,69.0,318.0,106.0,91.0,-24.0,0.455,0.315,0.846
1642910,John,Tonje,5,12.81,2.0,0.0,0.0,0.0,4.0,0.0,3.0,0.0,2.0,2.0,3.0,1.0,4.0,1.0,1.0,-4.0,0.0,0.0,1.0
1642911,Rocco,Zikarsky,6,75.51,36.0,5.0,3.0,3.0,22.0,13.0,3.0,1.0,12.0,9.0,11.0,8.0,19.0,7.0,4.0,29.0,0.591,0.333,0.75
1642914,Javon,Small,28,394.21,163.0,88.0,4.0,10.0,138.0,56.0,67.0,28.0,31.0,23.0,35.0,16.0,51.0,34.0,33.0,-72.0,0.406,0.418,0.742
1642915,Eric,Dixon,3,0.0,0.0,0.0,0.0,0.0,0.0,0.0,0.0,0.0,0.0,0.0,0.0,0.0,0.0,0.0,0.0,0.0,0.0,0.0,0.0
1642917,Max,Shulga,12,9.86,4.0,2.0,0.0,1.0,2.0,0.0,0.0,0.0,4.0,4.0,3.0,0.0,3.0,1.0,2.0,-2.0,0.0,0.0,1.0
1642918,Alijah,Martin,26,145.45000000000002,56.0,13.0,4.0,7.0,49.0,19.0,22.0,7.0,14.0,11.0,16.0,11.0,27.0,10.0,9.0,-38.0,0.388,0.318,0.786
1642920,Kobe,Sanders,52,1015.59,350.0,84.0,6.0,28.0,285.0,126.0,141.0,53.0,56.0,45.0,101.0,24.0,125.0,101.0,65.0,-8.0,0.442,0.376,0.804
1642924,Brice,Williams,4,36.43,11.0,1.0,1.0,0.0,11.0,3.0,8.0,1.0,4.0,4.0,2.0,0.0,2.0,2.0,1.0,-10.0,0.273,0.125,1.0
1642926,Tamar,Bates,6,15.27,5.0,1.0,0.0,2.0,5.0,1.0,3.0,0.0,4.0,3.0,0.0,0.0,0.0,2.0,1.0,-3.0,0.2,0.0,0.75
1642928,Dylan,Cardwell,39,652.72,173.0,39.0,49.0,23.0,123.0,75.0,2.0,0.0,44.0,23.0,142.0,101.0,243.0,111.0,27.0,4.0,0.61,0.0,0.523
1642930,R.J.,Davis,6,80.03,43.0,1.0,0.0,2.0,26.0,13.0,8.0,4.0,14.0,13.0,6.0,1.0,7.0,7.0,7.0,-10.0,0.5,0.5,0.929
1642933,Keshon,Gilbert,3,47.75,6.0,3.0,4.0,2.0,4.0,1.0,2.0,0.0,4.0,4.0,3.0,2.0,5.0,3.0,6.0,-47.0,0.25,0.0,1.0
1642935,Chucky,Hepburn,11,77.77,37.0,15.0,0.0,13.0,33.0,12.0,21.0,8.0,6.0,5.0,5.0,0.0,5.0,10.0,7.0,-37.0,0.364,0.381,0.833
1642938,Curtis,Jones,22,68.02,27.0,10.0,1.0,2.0,36.0,10.0,25.0,5.0,3.0,2.0,7.0,1.0,8.0,7.0,1.0,-2.0,0.278,0.2,0.667
1642939,Miles,Kelly,25,144.7,60.0,16.0,0.0,6.0,55.0,22.0,44.0,14.0,2.0,2.0,20.0,5.0,25.0,13.0,8.0,23.0,0.4,0.318,1.0
1642942,Jahmai,Mashack,21,139.6,47.0,12.0,1.0,17.0,46.0,20.0,23.0,7.0,0.0,0.0,12.0,4.0,16.0,14.0,9.0,-32.0,0.435,0.304,0.0
1642947,Eli John,Ndiaye,4,17.5,7.0,0.0,1.0,0.0,8.0,3.0,4.0,0.0,2.0,1.0,1.0,2.0,3.0,5.0,2.0,-6.0,0.375,0.0,0.5
1642948,Ryan,Nembhard,48,768.1800000000001,273.0,206.0,3.0,14.0,263.0,113.0,95.0,36.0,15.0,11.0,70.0,8.0,78.0,57.0,57.0,-10.0,0.43,0.379,0.733
1642949,Yanic Konan,Niederhauser,53,364.33,158.0,16.0,27.0,2.0,93.0,60.0,7.0,1.0,57.0,37.0,59.0,42.0,101.0,56.0,28.0,0.0,0.645,0.143,0.649
1642950,Lachlan,Olbrich,30,134.13,36.0,13.0,1.0,4.0,29.0,14.0,8.0,2.0,14.0,6.0,29.0,14.0,43.0,24.0,4.0,-15.0,0.483,0.25,0.429
1642954,Will,Richard,60,1039.32,366.0,76.0,7.0,64.0,285.0,130.0,179.0,62.0,55.0,44.0,83.0,53.0,136.0,100.0,50.0,28.0,0.456,0.346,0.8
1642955,Kadary,Richmond,3,11.48,7.0,1.0,1.0,1.0,4.0,3.0,2.0,1.0,0.0,0.0,1.0,1.0,2.0,0.0,0.0,-9.0,0.75,0.5,0.0
1642959,Chris,Youngblood,56,301.86,133.0,19.0,4.0,8.0,112.0,40.0,93.0,30.0,28.0,23.0,35.0,10.0,45.0,42.0,6.0,-3.0,0.357,0.323,0.821
1642961,RJ,Luis Jr.,3,7.16,6.0,0.0,0.0,0.0,4.0,3.0,0.0,0.0,0.0,0.0,2.0,0.0,2.0,1.0,3.0,1.0,0.75,0.0,0.0
1642962,Drake,Powell,51,824.95,273.0,69.0,7.0,22.0,219.0,94.0,113.0,35.0,57.0,50.0,61.0,14.0,75.0,61.0,44.0,-192.0,0.429,0.31,0.877
1642964,Brooks,Barnhizer,37,393.99,102.0,27.0,4.0,17.0,85.0,35.0,28.0,10.0,31.0,22.0,72.0,20.0,92.0,30.0,12.0,-57.0,0.412,0.357,0.71
1642966,Lamont,Butler,2,37.13,18.0,5.0,0.0,3.0,15.0,5.0,7.0,3.0,6.0,5.0,4.0,2.0,6.0,1.0,5.0,7.0,0.333,0.429,0.833
1642967,John,Poulakidas,2,4.14,3.0,0.0,0.0,0.0,2.0,1.0,2.0,1.0,0.0,0.0,0.0,0.0,0.0,1.0,0.0,0.0,0.5,0.5,0.0
1643007,Taelon,Peter,38,286.26,98.0,36.0,4.0,14.0,89.0,33.0,76.0,24.0,11.0,8.0,33.0,13.0,46.0,22.0,15.0,-42.0,0.371,0.316,0.727
1643016,Bez,Mbeng,1,0.0,0.0,0.0,0.0,0.0,0.0,0.0,0.0,0.0,0.0,0.0,0.0,0.0,0.0,0.0,0.0,0.0,0.0,0.0,0.0
1643018,LJ,Cryer,10,54.239999999999995,31.0,9.0,0.0,2.0,26.0,10.0,18.0,8.0,4.0,3.0,7.0,2.0,9.0,6.0,0.0,24.0,0.385,0.444,0.75
1643019,Gabe,Madsen,2,28.65,9.0,4.0,0.0,2.0,9.0,3.0,7.0,2.0,1.0,1.0,2.0,3.0,5.0,7.0,0.0,-1.0,0.333,0.286,1.0
1643024,Chris,Manon,14,19.63,2.0,1.0,2.0,3.0,1.0,0.0,1.0,0.0,2.0,2.0,3.0,1.0,4.0,3.0,1.0,7.0,0.0,0.0,1.0
1643047,CJ,Huntley,4,13.03,2.0,0.0,0.0,4.0,2.0,1.0,0.0,0.0,1.0,0.0,1.0,0.0,1.0,2.0,0.0,12.0,0.5,0.0,0.0
1643051,Augustas,Marciulionis,5,0.0,0.0,0.0,0.0,0.0,0.0,0.0,0.0,0.0,0.0,0.0,0.0,0.0,0.0,0.0,0.0,0.0,0.0,0.0,0.0
1643052,Chaney,Johnson,5,7.13,4.0,1.0,0.0,2.0,5.0,2.0,2.0,0.0,0.0,0.0,0.0,0.0,0.0,1.0,0.0,4.0,0.4,0.0,0.0
1643069,Cameron,Matthews,4,34.25,3.0,3.0,1.0,2.0,1.0,1.0,0.0,0.0,2.0,1.0,2.0,1.0,3.0,6.0,2.0,10.0,1.0,0.0,0.5
1643090,Deivon,Smith,1,0.0,0.0,0.0,0.0,0.0,0.0,0.0,0.0,0.0,0.0,0.0,0.0,0.0,0.0,0.0,0.0,0.0,0.0,0.0,0.0
1643104,Christian,Shumate,4,17.85,12.0,0.0,2.0,0.0,6.0,6.0,0.0,0.0,2.0,0.0,2.0,5.0,7.0,3.0,0.0,14.0,1.0,0.0,0.0
1643113,Zack,Austin,6,67.39,22.0,0.0,4.0,5.0,17.0,6.0,14.0,4.0,6.0,6.0,5.0,3.0,8.0,8.0,4.0,-5.0,0.353,0.286,1.0
1643120,Dain,Dainja,6,15.35,9.0,0.0,0.0,0.0,4.0,3.0,0.0,0.0,6.0,3.0,2.0,2.0,4.0,3.0,3.0,0.0,0.75,0.0,0.5
1643133,Lawson,Lovering,6,54.51,11.0,1.0,0.0,3.0,6.0,4.0,0.0,0.0,4.0,3.0,9.0,5.0,14.0,8.0,1.0,-13.0,0.667,0.0,0.75
1643141,Jahmyl,Telfort,17,58.25,10.0,1.0,0.0,1.0,12.0,4.0,8.0,1.0,4.0,1.0,7.0,1.0,8.0,8.0,2.0,1.0,0.333,0.125,0.25
1643148,Saint,Thomas,4,2.22,0.0,0.0,0.0,0.0,0.0,0.0,0.0,0.0,0.0,0.0,0.0,0.0,0.0,0.0,0.0,3.0,0.0,0.0,0.0
196295307,Dash,Daniels,1,27.13,11.0,1.0,0.0,1.0,10.0,5.0,2.0,0.0,2.0,1.0,4.0,2.0,6.0,2.0,1.0,-1.0,0.5,0.0,0.5
196295481,Regina,Parquet,1,3.47,0.0,0.0,0.0,0.0,1.0,0.0,1.0,0.0,2.0,0.0,0.0,0.0,0.0,0.0,0.0,1.0,0.0,0.0,0.0
196295482,Finn,Delaney,2,50.72,26.0,2.0,1.0,0.0,21.0,7.0,11.0,3.0,12.0,9.0,8.0,3.0,11.0,4.0,2.0,-13.0,0.333,0.273,0.75
196295483,Malith,Machar,1,2.16,0.0,0.0,0.0,0.0,1.0,0.0,0.0,0.0,0.0,0.0,1.0,0.0,1.0,0.0,0.0,-3.0,0.0,0.0,0.0
196295484,Tom,Wilson,2,33.55,18.0,7.0,0.0,0.0,11.0,6.0,7.0,3.0,4.0,3.0,0.0,1.0,1.0,1.0,1.0,-29.0,0.545,0.429,0.75
196295485,Tanner,Krebs,2,49.39,6.0,2.0,1.0,2.0,14.0,2.0,8.0,2.0,0.0,0.0,3.0,1.0,4.0,2.0,0.0,-13.0,0.143,0.25,0.0
196295486,Kyle,Bowen,1,15.37,6.0,1.0,0.0,0.0,3.0,3.0,0.0,0.0,0.0,0.0,4.0,1.0,5.0,2.0,1.0,-8.0,1.0,0.0,0.0
196295487,Fabijan,Krslovic,2,41.230000000000004,11.0,3.0,0.0,0.0,12.0,3.0,5.0,1.0,6.0,4.0,4.0,4.0,8.0,3.0,1.0,-30.0,0.25,0.2,0.667
196295488,Nicholas,Tata,2,22.3,2.0,0.0,0.0,1.0,3.0,1.0,1.0,0.0,0.0,0.0,1.0,1.0,2.0,3.0,1.0,-10.0,0.333,0.0,0.0
196295489,Tom,Koppens,1,4.41,0.0,1.0,0.0,0.0,0.0,0.0,0.0,0.0,0.0,0.0,1.0,0.0,1.0,0.0,0.0,-4.0,0.0,0.0,0.0
196295490,Shea,Ili,1,11.52,2.0,3.0,0.0,0.0,5.0,1.0,0.0,0.0,0.0,0.0,1.0,1.0,2.0,0.0,2.0,-2.0,0.2,0.0,0.0
196295491,Austin,Wiley,1,23.31,14.0,0.0,1.0,0.0,9.0,4.0,0.0,0.0,7.0,6.0,7.0,4.0,11.0,3.0,1.0,0.0,0.444,0.0,0.857
196295492,John,Brown,1,22.36,6.0,2.0,0.0,1.0,6.0,3.0,0.0,0.0,0.0,0.0,1.0,6.0,7.0,1.0,0.0,0.0,0.5,0.0,0.0
196295493,Yovel,Zoosman,1,23.53,6.0,0.0,0.0,2.0,7.0,2.0,5.0,2.0,0.0,0.0,1.0,0.0,1.0,1.0,3.0,-20.0,0.286,0.4,0.0
196295494,Yonatan,Alon,1,6.19,0.0,0.0,0.0,0.0,1.0,0.0,1.0,0.0,0.0,0.0,1.0,0.0,1.0,0.0,0.0,-5.0,0.0,0.0,0.0
196295495,Ellis,Biggar,1,2.25,2.0,0.0,0.0,0.0,1.0,1.0,0.0,0.0,0.0,0.0,0.0,0.0,0.0,0.0,0.0,-3.0,1.0,0.0,0.0
196295496,Angus,Glover,1,24.52,5.0,1.0,1.0,1.0,9.0,2.0,5.0,1.0,0.0,0.0,1.0,1.0,2.0,2.0,1.0,-18.0,0.222,0.2,0.0
196295497,Akech,Allir,1,20.27,16.0,2.0,2.0,0.0,8.0,4.0,5.0,2.0,7.0,6.0,1.0,2.0,3.0,1.0,0.0,-9.0,0.5,0.4,0.857
196295498,Shai,Olearchik,1,10.18,0.0,1.0,0.0,1.0,8.0,0.0,6.0,0.0,0.0,0.0,3.0,0.0,3.0,1.0,1.0,-3.0,0.0,0.0,0.0
196295499,Theodoros,Giannakopoulos,1,19.03,6.0,2.0,0.0,0.0,6.0,3.0,0.0,0.0,1.0,0.0,0.0,4.0,4.0,1.0,0.0,-13.0,0.5,0.0,0.0
196295500,Guy,Gafnu,1,10.0,6.0,0.0,0.0,0.0,6.0,3.0,0.0,0.0,0.0,0.0,3.0,1.0,4.0,0.0,0.0,-6.0,0.5,0.0,0.0
196295501,Nathan,Sobey,1,22.32,16.0,5.0,0.0,2.0,13.0,5.0,7.0,2.0,6.0,4.0,0.0,0.0,0.0,3.0,2.0,-14.0,0.385,0.286,0.667
196295502,Owen,Foxwell,1,25.44,6.0,2.0,1.0,2.0,13.0,2.0,7.0,0.0,2.0,2.0,1.0,1.0,2.0,5.0,1.0,-19.0,0.154,0.0,1.0
196295504,Austin,Foxwell,1,2.25,0.0,1.0,0.0,0.0,0.0,0.0,0.0,0.0,0.0,0.0,0.0,0.0,0.0,0.0,0.0,-3.0,0.0,0.0,0.0
196295505,Jordan,Hunter,1,18.3,17.0,2.0,0.0,0.0,13.0,7.0,5.0,1.0,2.0,2.0,3.0,3.0,6.0,1.0,2.0,-17.0,0.538,0.2,1.0
196295524,Henry,Sewell,1,0.48,0.0,0.0,0.0,0.0,0.0,0.0,0.0,0.0,0.0,0.0,0.0,0.0,0.0,0.0,0.0,0.0,0.0,0.0,0.0
196295526,Zhang,Huafei,3,12.66,2.0,0.0,0.0,0.0,2.0,1.0,0.0,0.0,0.0,0.0,1.0,0.0,1.0,0.0,3.0,-9.0,0.5,0.0,0.0
196295527,Liu,Yanthenz,1,19.27,5.0,1.0,0.0,0.0,5.0,2.0,2.0,1.0,0.0,0.0,1.0,2.0,3.0,2.0,0.0,-14.0,0.4,0.5,0.0
196295528,Li,Xiangbo,3,52.45,8.0,2.0,0.0,1.0,6.0,1.0,3.0,1.0,6.0,5.0,1.0,3.0,4.0,10.0,3.0,-59.0,0.167,0.333,0.833
196295529,Li,Xiaotong,3,4.5,1.0,0.0,0.0,0.0,1.0,0.0,0.0,0.0,2.0,1.0,1.0,0.0,1.0,0.0,0.0,-4.0,0.0,0.0,0.5
196295530,Zhang,Wenjie,3,12.51,3.0,2.0,0.0,0.0,3.0,0.0,2.0,0.0,4.0,3.0,0.0,0.0,0.0,1.0,1.0,0.0,0.0,0.0,0.75
196295531,Chen,Guohao,3,59.05,33.0,1.0,0.0,1.0,19.0,7.0,6.0,3.0,20.0,16.0,5.0,5.0,10.0,4.0,1.0,-57.0,0.368,0.5,0.8
196295532,Guan,Ziyu,3,61.76,14.0,2.0,0.0,1.0,19.0,5.0,10.0,2.0,4.0,2.0,5.0,0.0,5.0,4.0,7.0,-66.0,0.263,0.2,0.5
196295533,Pang,Yanjun,3,49.989999999999995,9.0,5.0,1.0,2.0,10.0,1.0,6.0,0.0,8.0,7.0,1.0,1.0,2.0,9.0,4.0,-47.0,0.1,0.0,0.875
196295539,Liu,Yancheng,2,44.81999999999999,17.0,0.0,0.0,0.0,9.0,6.0,8.0,5.0,0.0,0.0,3.0,0.0,3.0,6.0,2.0,-49.0,0.667,0.625,0.0
